,dropout,lr,bs,val_loss
day02.csv,0.5,0.0001,8,0.0062979999929666
day03.csv,0.3,0.0001,32,0.0031235974747687
day04.csv,0.3,0.001,16,0.0122234756126999
day05.csv,0.5,0.01,32,0.0599072016775608
day06.csv,0.3,0.001,32,0.08221897482872
day07.csv,0.7,0.01,32,0.1876564472913742
day08.csv,0.3,0.0001,32,0.3100974261760711
day09.csv,0.3,0.0001,32,0.5908889770507812
day10.csv,0.3,0.01,8,0.2991887629032135
