,dropout,lr,bs,val_loss
day02.csv,0.5,0.0001,16,0.0064986003562808
day03.csv,0.3,0.0001,16,0.0068474407307803
day04.csv,0.3,0.0001,32,0.0828594043850898
day05.csv,0.7,0.01,32,0.0998563468456268
day06.csv,0.1,0.01,32,0.0993817821145057
day07.csv,0.5,0.01,16,0.1192903816699981
day08.csv,0.5,0.001,16,0.1301006078720092
day09.csv,0.3,0.001,32,0.1260442286729812
day10.csv,0.3,0.001,32,0.1335444897413253
