,dropout,lr,bs,val_loss
day02.csv,0.5,0.0001,8,0.0072697019204497
day03.csv,0.1,0.001,16,0.0044989655725657
day04.csv,0.5,0.01,32,0.0088756941258907
day05.csv,0.3,0.01,32,0.0306016989052295
day06.csv,0.3,0.01,32,0.0411644615232944
day07.csv,0.3,0.01,32,0.0674907341599464
day08.csv,0.3,0.0001,32,0.1948132514953613
day09.csv,0.1,0.001,32,0.379989743232727
day10.csv,0.1,0.01,8,0.3992471098899841
