,dropout,lr,bs,val_loss
day02.csv,0.1,0.001,4,0.0004550307348836
day03.csv,0.1,0.001,4,0.0005728416144847
day04.csv,0.1,0.001,16,0.0006117154844105
day05.csv,0.1,0.0001,4,0.0008968143956735
day06.csv,0.1,0.001,4,0.0009645709651522
day07.csv,0.3,0.01,4,0.0016464019427075
day08.csv,0.1,0.001,4,0.0018699001520872
day09.csv,0.1,0.001,8,0.0014350691344588
day10.csv,0.1,0.001,4,0.0012465511681511
