leadtime,y_min,y_max,x_min,x_max
day07,-108.44,116.8,0.0,167.2502519184559
day05,-98.7,93.5,0.0,95.02233070894731
day06,-92.5,97.75,0.0,97.76184777993905
day09,-132.6,128.2,0.0,184.29697450705896
day02,-55.3,40.84,0.0,46.52296118120475
day03,-55.44,31.62,0.0,43.42590758596516
day10,-163.2,128.6,0.0,133.7746161928077
day08,-108.56,89.4,0.0,119.66548748131905
