leadtime,y_min,y_max,x_min,x_max
day05,-98.7,93.5,0.0,95.02233070894731
day02,-40.34,40.78,0.0,46.52296118120475
day03,-55.44,33.38,0.0,43.42590758596516
day10,-163.2,128.6,0.0,133.7746161928077
day09,-163.2,184.2,0.0,184.29697450705896
day07,-163.2,116.8,0.0,167.2502519184559
day08,-163.2,109.06,0.0,119.66548748131905
day06,-98.7,79.7,0.0,97.76184777993905
day04,-100.1,75.6,0.0,82.97723438313639
