,day02,day03,day04,day05,day06,day07,day08,day09,day10
unet-xs,11.668611435239647,13.779527559054475,16.685205784205305,26.99335548172737,22.55484929259816,24.444444444444713,17.64057331863287,6.4006827394924555,8.688097306690807
unet-s,11.668611435239647,7.874015748032377,9.269558769002398,22.840531561462047,14.353085913470725,24.444444444444713,15.435501653804987,6.4006827394924555,8.688097306690807
unet-m,5.834305717619824,5.905511811023846,1.8539117538011383,14.534883720929553,12.302645068688415,15.555555555554829,15.435501653804987,10.667804565820125,6.516072980017623
unet-l,0.0,3.9370078740153143,0.0,6.229235880398908,4.100881689562804,11.111111111110874,11.0253583241453,6.4006827394924555,4.344048653344439
unet-se,5.834305717619824,1.9685039370085315,5.561735261401768,10.382059800664232,10.252204223907922,20.00000000000076,22.0507166482906,10.667804565820125,10.860121633362061
unet-trans-s,3.8895371450810337,0.0,5.561735261401768,0.0,2.050440844780492,0.0,0.0,0.0,0.0
unet-trans-l,0.0,7.874015748032377,11.123470522803537,10.382059800664232,0.0,17.777777777777793,8.820286659317414,8.534243652657238,6.516072980017623
unet-att-s,5.834305717619824,1.9685039370085315,1.8539117538011383,8.305647840530646,14.353085913470725,13.333333333333838,11.0253583241453,6.4006827394924555,6.516072980017623
unet-att-l,3.8895371450810337,5.905511811023846,11.123470522803537,14.534883720929553,8.201763379125609,26.666666666665705,22.0507166482906,8.534243652657238,10.860121633362061
