leadtime,y_min,y_max,x_min,x_max
day05,-98.7,93.5,0.0,95.02233070894731
day02,-55.3,40.78,0.0,46.52296118120475
day03,-40.22,33.38,0.0,43.42590758596516
day06,-98.7,97.75,0.0,97.76184777993905
day08,-163.2,119.7,0.0,119.66548748131905
day10,-163.2,133.8,0.0,133.7746161928077
day09,-127.06,184.2,0.0,184.29697450705896
day07,-163.2,167.2,0.0,167.2502519184559
day04,-50.44,75.6,0.0,82.97723438313639
