leadtime,y_min,y_max,x_min,x_max
day05,-98.7,93.5,0.0,95.02233070894731
day03,-55.44,43.25,0.0,43.42590758596516
day02,-42.38,40.84,0.0,46.52296118120475
day06,-92.5,97.75,0.0,97.76184777993905
day09,-127.06,146.2,0.0,184.29697450705896
day10,-163.2,128.6,0.0,133.7746161928077
day07,-163.2,167.2,0.0,167.2502519184559
day08,-163.2,119.7,0.0,119.66548748131905
day04,-57.94,60.56,0.0,82.97723438313639
