All necessary directories have been created or already exist.
Step 4) Create datasets for each YYYYMMDD and temporal resolution (hourly, three-hourly, and six-hourly)
Number of files to process with CDO: 90
cdo(1) divc: Process started
cdo(2) setattribute: Process started
cdo(3) chname: Process started
cdo(4) mergetime: Process started
cdo(4) mergetime: Processed 2205000 values from 90 variables over 90 timesteps.
cdo(3) chname: Processed 2205000 values from 1 variable over 90 timesteps.
cdo(2) setattribute: Processed 2205000 values from 1 variable over 90 timesteps.
cdo(1) divc: Processed 2205000 values from 1 variable over 90 timesteps.
cdo    timcumsum: Processed 2205000 values from 1 variable over 90 timesteps [1.87s 71MB].
cdo(1) seltimestep: Process started
cdo(2) shifttime: Process started
cdo(3) copy: Process started
cdo(3) copy: Processed 2205000 values from 1 variable over 90 timesteps.
cdo(2) shifttime: Processed 2205000 values from 1 variable over 90 timesteps.
cdo(1) seltimestep: Processed 24500 values from 1 variable over 2 timesteps.
cdo    mulc: Processed 24500 values from 1 variable over 1 timestep [0.06s 30MB].
cdo    mergetime: Processed 2229500 values from 2 variables over 91 timesteps [0.13s 33MB].
cdo    replace: Processed 20065500 values from 10 variables over 182 timesteps [0.46s 97MB].
0-90 is done
Number of files to process with CDO: 18
cdo(1) setattribute: Process started
cdo(2) chname: Process started
cdo(3) mergetime: Process started
cdo(3) mergetime: Processed 441000 values from 18 variables over 18 timesteps.
cdo(2) chname: Processed 441000 values from 1 variable over 18 timesteps.
cdo(1) setattribute: Processed 441000 values from 1 variable over 18 timesteps.
cdo    divc: Processed 441000 values from 1 variable over 18 timesteps [0.38s 30MB].
cdo(1) copy: Process started
cdo(1) copy: Processed 2229500 values from 1 variable over 91 timesteps.
cdo    seltimestep: Processed 24500 values from 1 variable over 91 timesteps [0.03s 29MB].
cdo(1) mergetime: Process started
cdo(1) mergetime: Processed 465500 values from 2 variables over 19 timesteps.
cdo    timcumsum: Processed 465500 values from 1 variable over 19 timesteps [0.04s 18MB].
cdo    replace: Processed 4189500 values from 10 variables over 38 timesteps [0.15s 29MB].
90-144 is done
Number of files to process with CDO: 16
cdo(1) setattribute: Process started
cdo(2) chname: Process started
cdo(3) mergetime: Process started
cdo(3) mergetime: Processed 392000 values from 16 variables over 16 timesteps.
cdo(2) chname: Processed 392000 values from 1 variable over 16 timesteps.
cdo(1) setattribute: Processed 392000 values from 1 variable over 16 timesteps.
cdo    divc: Processed 392000 values from 1 variable over 16 timesteps [0.37s 27MB].
cdo(1) copy: Process started
cdo(1) copy: Processed 465500 values from 1 variable over 19 timesteps.
cdo    seltimestep: Processed 24500 values from 1 variable over 19 timesteps [0.01s 17MB].
cdo(1) mergetime: Process started
cdo(1) mergetime: Processed 416500 values from 2 variables over 17 timesteps.
cdo    timcumsum: Processed 416500 values from 1 variable over 17 timesteps [0.03s 18MB].
cdo    replace: Processed 3748500 values from 10 variables over 34 timesteps [0.12s 27MB].
20211201 13 processed!
Number of files to process with CDO: 90
cdo(1) divc: Process started
cdo(2) setattribute: Process started
cdo(3) chname: Process started
cdo(4) mergetime: Process started
cdo(4) mergetime: Processed 2205000 values from 90 variables over 90 timesteps.
cdo(3) chname: Processed 2205000 values from 1 variable over 90 timesteps.
cdo(2) setattribute: Processed 2205000 values from 1 variable over 90 timesteps.
cdo(1) divc: Processed 2205000 values from 1 variable over 90 timesteps.
cdo    timcumsum: Processed 2205000 values from 1 variable over 90 timesteps [1.65s 75MB].
cdo(1) seltimestep: Process started
cdo(2) shifttime: Process started
cdo(3) copy: Process started
cdo(3) copy: Processed 2205000 values from 1 variable over 90 timesteps.
cdo(2) shifttime: Processed 2205000 values from 1 variable over 90 timesteps.
cdo(1) seltimestep: Processed 24500 values from 1 variable over 2 timesteps.
cdo    mulc: Processed 24500 values from 1 variable over 1 timestep [0.05s 29MB].
cdo    mergetime: Processed 2229500 values from 2 variables over 91 timesteps [0.08s 33MB].
cdo    replace: Processed 20065500 values from 10 variables over 182 timesteps [0.43s 95MB].
0-90 is done
Number of files to process with CDO: 18
cdo(1) setattribute: Process started
cdo(2) chname: Process started
cdo(3) mergetime: Process started
cdo(3) mergetime: Processed 441000 values from 18 variables over 18 timesteps.
cdo(2) chname: Processed 441000 values from 1 variable over 18 timesteps.
cdo(1) setattribute: Processed 441000 values from 1 variable over 18 timesteps.
cdo    divc: Processed 441000 values from 1 variable over 18 timesteps [0.37s 30MB].
cdo(1) copy: Process started
cdo(1) copy: Processed 2229500 values from 1 variable over 91 timesteps.
cdo    seltimestep: Processed 24500 values from 1 variable over 91 timesteps [0.03s 30MB].
cdo(1) mergetime: Process started
cdo(1) mergetime: Processed 465500 values from 2 variables over 19 timesteps.
cdo    timcumsum: Processed 465500 values from 1 variable over 19 timesteps [0.03s 18MB].
cdo    replace: Processed 4189500 values from 10 variables over 38 timesteps [0.14s 29MB].
90-144 is done
Number of files to process with CDO: 16
cdo(1) setattribute: Process started
cdo(2) chname: Process started
cdo(3) mergetime: Process started
cdo(3) mergetime: Processed 392000 values from 16 variables over 16 timesteps.
cdo(2) chname: Processed 392000 values from 1 variable over 16 timesteps.
cdo(1) setattribute: Processed 392000 values from 1 variable over 16 timesteps.
cdo    divc: Processed 392000 values from 1 variable over 16 timesteps [0.34s 28MB].
cdo(1) copy: Process started
cdo(1) copy: Processed 465500 values from 1 variable over 19 timesteps.
cdo    seltimestep: Processed 24500 values from 1 variable over 19 timesteps [0.01s 17MB].
cdo(1) mergetime: Process started
cdo(1) mergetime: Processed 416500 values from 2 variables over 17 timesteps.
cdo    timcumsum: Processed 416500 values from 1 variable over 17 timesteps [0.03s 18MB].
cdo    replace: Processed 3748500 values from 10 variables over 34 timesteps [0.11s 28MB].
Thu Dec 2 01:00:00 PM UTC 2021 processed!
Number of files to process with CDO: 90
cdo(1) divc: Process started
cdo(2) setattribute: Process started
cdo(3) chname: Process started
cdo(4) mergetime: Process started
cdo(4) mergetime: Processed 2205000 values from 90 variables over 90 timesteps.
cdo(3) chname: Processed 2205000 values from 1 variable over 90 timesteps.
cdo(2) setattribute: Processed 2205000 values from 1 variable over 90 timesteps.
cdo(1) divc: Processed 2205000 values from 1 variable over 90 timesteps.
cdo    timcumsum: Processed 2205000 values from 1 variable over 90 timesteps [1.66s 73MB].
cdo(1) seltimestep: Process started
cdo(2) shifttime: Process started
cdo(3) copy: Process started
cdo(3) copy: Processed 2205000 values from 1 variable over 90 timesteps.
cdo(2) shifttime: Processed 2205000 values from 1 variable over 90 timesteps.
cdo(1) seltimestep: Processed 24500 values from 1 variable over 2 timesteps.
cdo    mulc: Processed 24500 values from 1 variable over 1 timestep [0.04s 30MB].
cdo    mergetime: Processed 2229500 values from 2 variables over 91 timesteps [0.08s 32MB].
cdo    replace: Processed 20065500 values from 10 variables over 182 timesteps [0.42s 96MB].
0-90 is done
Number of files to process with CDO: 18
cdo(1) setattribute: Process started
cdo(2) chname: Process started
cdo(3) mergetime: Process started
cdo(3) mergetime: Processed 441000 values from 18 variables over 18 timesteps.
cdo(2) chname: Processed 441000 values from 1 variable over 18 timesteps.
cdo(1) setattribute: Processed 441000 values from 1 variable over 18 timesteps.
cdo    divc: Processed 441000 values from 1 variable over 18 timesteps [0.36s 30MB].
cdo(1) copy: Process started
cdo(1) copy: Processed 2229500 values from 1 variable over 91 timesteps.
cdo    seltimestep: Processed 24500 values from 1 variable over 91 timesteps [0.03s 30MB].
cdo(1) mergetime: Process started
cdo(1) mergetime: Processed 465500 values from 2 variables over 19 timesteps.
cdo    timcumsum: Processed 465500 values from 1 variable over 19 timesteps [0.03s 18MB].
cdo    replace: Processed 4189500 values from 10 variables over 38 timesteps [0.13s 29MB].
90-144 is done
Number of files to process with CDO: 16
cdo(1) setattribute: Process started
cdo(2) chname: Process started
cdo(3) mergetime: Process started
cdo(3) mergetime: Processed 392000 values from 16 variables over 16 timesteps.
cdo(2) chname: Processed 392000 values from 1 variable over 16 timesteps.
cdo(1) setattribute: Processed 392000 values from 1 variable over 16 timesteps.
cdo    divc: Processed 392000 values from 1 variable over 16 timesteps [0.35s 28MB].
cdo(1) copy: Process started
cdo(1) copy: Processed 465500 values from 1 variable over 19 timesteps.
cdo    seltimestep: Processed 24500 values from 1 variable over 19 timesteps [0.01s 16MB].
cdo(1) mergetime: Process started
cdo(1) mergetime: Processed 416500 values from 2 variables over 17 timesteps.
cdo    timcumsum: Processed 416500 values from 1 variable over 17 timesteps [0.03s 17MB].
cdo    replace: Processed 3748500 values from 10 variables over 34 timesteps [0.13s 26MB].
Fri Dec 3 01:00:00 PM UTC 2021 processed!
Number of files to process with CDO: 90
cdo(1) divc: Process started
cdo(2) setattribute: Process started
cdo(3) chname: Process started
cdo(4) mergetime: Process started
cdo(4) mergetime: Processed 2205000 values from 90 variables over 90 timesteps.
cdo(3) chname: Processed 2205000 values from 1 variable over 90 timesteps.
cdo(2) setattribute: Processed 2205000 values from 1 variable over 90 timesteps.
cdo(1) divc: Processed 2205000 values from 1 variable over 90 timesteps.
cdo    timcumsum: Processed 2205000 values from 1 variable over 90 timesteps [1.77s 73MB].
cdo(1) seltimestep: Process started
cdo(2) shifttime: Process started
cdo(3) copy: Process started
cdo(3) copy: Processed 2205000 values from 1 variable over 90 timesteps.
cdo(2) shifttime: Processed 2205000 values from 1 variable over 90 timesteps.
cdo(1) seltimestep: Processed 24500 values from 1 variable over 2 timesteps.
cdo    mulc: Processed 24500 values from 1 variable over 1 timestep [0.04s 29MB].
cdo    mergetime: Processed 2229500 values from 2 variables over 91 timesteps [0.07s 32MB].
cdo    replace: Processed 20065500 values from 10 variables over 182 timesteps [0.44s 98MB].
0-90 is done
Number of files to process with CDO: 18
cdo(1) setattribute: Process started
cdo(2) chname: Process started
cdo(3) mergetime: Process started
cdo(3) mergetime: Processed 441000 values from 18 variables over 18 timesteps.
cdo(2) chname: Processed 441000 values from 1 variable over 18 timesteps.
cdo(1) setattribute: Processed 441000 values from 1 variable over 18 timesteps.
cdo    divc: Processed 441000 values from 1 variable over 18 timesteps [0.31s 30MB].
cdo(1) copy: Process started
cdo(1) copy: Processed 2229500 values from 1 variable over 91 timesteps.
cdo    seltimestep: Processed 24500 values from 1 variable over 91 timesteps [0.03s 31MB].
cdo(1) mergetime: Process started
cdo(1) mergetime: Processed 465500 values from 2 variables over 19 timesteps.
cdo    timcumsum: Processed 465500 values from 1 variable over 19 timesteps [0.03s 18MB].
cdo    replace: Processed 4189500 values from 10 variables over 38 timesteps [0.12s 30MB].
90-144 is done
Number of files to process with CDO: 16
cdo(1) setattribute: Process started
cdo(2) chname: Process started
cdo(3) mergetime: Process started
cdo(3) mergetime: Processed 392000 values from 16 variables over 16 timesteps.
cdo(2) chname: Processed 392000 values from 1 variable over 16 timesteps.
cdo(1) setattribute: Processed 392000 values from 1 variable over 16 timesteps.
cdo    divc: Processed 392000 values from 1 variable over 16 timesteps [0.36s 28MB].
cdo(1) copy: Process started
cdo(1) copy: Processed 465500 values from 1 variable over 19 timesteps.
cdo    seltimestep: Processed 24500 values from 1 variable over 19 timesteps [0.01s 18MB].
cdo(1) mergetime: Process started
cdo(1) mergetime: Processed 416500 values from 2 variables over 17 timesteps.
cdo    timcumsum: Processed 416500 values from 1 variable over 17 timesteps [0.03s 18MB].
cdo    replace: Processed 3748500 values from 10 variables over 34 timesteps [0.19s 26MB].
Sat Dec 4 01:00:00 PM UTC 2021 processed!
Number of files to process with CDO: 90
cdo(1) divc: Process started
cdo(2) setattribute: Process started
cdo(3) chname: Process started
cdo(4) mergetime: Process started
cdo(4) mergetime: Processed 2205000 values from 90 variables over 90 timesteps.
cdo(3) chname: Processed 2205000 values from 1 variable over 90 timesteps.
cdo(2) setattribute: Processed 2205000 values from 1 variable over 90 timesteps.
cdo(1) divc: Processed 2205000 values from 1 variable over 90 timesteps.
cdo    timcumsum: Processed 2205000 values from 1 variable over 90 timesteps [3.05s 73MB].
cdo(1) seltimestep: Process started
cdo(2) shifttime: Process started
cdo(3) copy: Process started
cdo(3) copy: Processed 2205000 values from 1 variable over 90 timesteps.
cdo(2) shifttime: Processed 2205000 values from 1 variable over 90 timesteps.
cdo(1) seltimestep: Processed 24500 values from 1 variable over 2 timesteps.
cdo    mulc: Processed 24500 values from 1 variable over 1 timestep [0.04s 30MB].
cdo    mergetime: Processed 2229500 values from 2 variables over 91 timesteps [0.07s 31MB].
cdo    replace: Processed 20065500 values from 10 variables over 182 timesteps [0.41s 96MB].
0-90 is done
Number of files to process with CDO: 18
cdo(1) setattribute: Process started
cdo(2) chname: Process started
cdo(3) mergetime: Process started
cdo(3) mergetime: Processed 441000 values from 18 variables over 18 timesteps.
cdo(2) chname: Processed 441000 values from 1 variable over 18 timesteps.
cdo(1) setattribute: Processed 441000 values from 1 variable over 18 timesteps.
cdo    divc: Processed 441000 values from 1 variable over 18 timesteps [0.37s 30MB].
cdo(1) copy: Process started
cdo(1) copy: Processed 2229500 values from 1 variable over 91 timesteps.
cdo    seltimestep: Processed 24500 values from 1 variable over 91 timesteps [0.03s 30MB].
cdo(1) mergetime: Process started
cdo(1) mergetime: Processed 465500 values from 2 variables over 19 timesteps.
cdo    timcumsum: Processed 465500 values from 1 variable over 19 timesteps [0.03s 18MB].
cdo    replace: Processed 4189500 values from 10 variables over 38 timesteps [0.12s 28MB].
90-144 is done
Number of files to process with CDO: 16
cdo(1) setattribute: Process started
cdo(2) chname: Process started
cdo(3) mergetime: Process started
cdo(3) mergetime: Processed 392000 values from 16 variables over 16 timesteps.
cdo(2) chname: Processed 392000 values from 1 variable over 16 timesteps.
cdo(1) setattribute: Processed 392000 values from 1 variable over 16 timesteps.
cdo    divc: Processed 392000 values from 1 variable over 16 timesteps [0.31s 28MB].
cdo(1) copy: Process started
cdo(1) copy: Processed 465500 values from 1 variable over 19 timesteps.
cdo    seltimestep: Processed 24500 values from 1 variable over 19 timesteps [0.01s 17MB].
cdo(1) mergetime: Process started
cdo(1) mergetime: Processed 416500 values from 2 variables over 17 timesteps.
cdo    timcumsum: Processed 416500 values from 1 variable over 17 timesteps [0.04s 18MB].
cdo    replace: Processed 3748500 values from 10 variables over 34 timesteps [0.12s 28MB].
Sun Dec 5 01:00:00 PM UTC 2021 processed!
Number of files to process with CDO: 90
cdo(1) divc: Process started
cdo(2) setattribute: Process started
cdo(3) chname: Process started
cdo(4) mergetime: Process started
cdo(4) mergetime: Processed 2205000 values from 90 variables over 90 timesteps.
cdo(3) chname: Processed 2205000 values from 1 variable over 90 timesteps.
cdo(2) setattribute: Processed 2205000 values from 1 variable over 90 timesteps.
cdo(1) divc: Processed 2205000 values from 1 variable over 90 timesteps.
cdo    timcumsum: Processed 2205000 values from 1 variable over 90 timesteps [1.75s 73MB].
cdo(1) seltimestep: Process started
cdo(2) shifttime: Process started
cdo(3) copy: Process started
cdo(3) copy: Processed 2205000 values from 1 variable over 90 timesteps.
cdo(2) shifttime: Processed 2205000 values from 1 variable over 90 timesteps.
cdo(1) seltimestep: Processed 24500 values from 1 variable over 2 timesteps.
cdo    mulc: Processed 24500 values from 1 variable over 1 timestep [0.03s 30MB].
cdo    mergetime: Processed 2229500 values from 2 variables over 91 timesteps [0.07s 33MB].
cdo    replace: Processed 20065500 values from 10 variables over 182 timesteps [0.44s 98MB].
0-90 is done
Number of files to process with CDO: 18
cdo(1) setattribute: Process started
cdo(2) chname: Process started
cdo(3) mergetime: Process started
cdo(3) mergetime: Processed 441000 values from 18 variables over 18 timesteps.
cdo(2) chname: Processed 441000 values from 1 variable over 18 timesteps.
cdo(1) setattribute: Processed 441000 values from 1 variable over 18 timesteps.
cdo    divc: Processed 441000 values from 1 variable over 18 timesteps [0.39s 30MB].
cdo(1) copy: Process started
cdo(1) copy: Processed 2229500 values from 1 variable over 91 timesteps.
cdo    seltimestep: Processed 24500 values from 1 variable over 91 timesteps [0.03s 30MB].
cdo(1) mergetime: Process started
cdo(1) mergetime: Processed 465500 values from 2 variables over 19 timesteps.
cdo    timcumsum: Processed 465500 values from 1 variable over 19 timesteps [0.07s 18MB].
cdo    replace: Processed 4189500 values from 10 variables over 38 timesteps [0.15s 28MB].
90-144 is done
Number of files to process with CDO: 16
cdo(1) setattribute: Process started
cdo(2) chname: Process started
cdo(3) mergetime: Process started
cdo(3) mergetime: Processed 392000 values from 16 variables over 16 timesteps.
cdo(2) chname: Processed 392000 values from 1 variable over 16 timesteps.
cdo(1) setattribute: Processed 392000 values from 1 variable over 16 timesteps.
cdo    divc: Processed 392000 values from 1 variable over 16 timesteps [0.33s 28MB].
cdo(1) copy: Process started
cdo(1) copy: Processed 465500 values from 1 variable over 19 timesteps.
cdo    seltimestep: Processed 24500 values from 1 variable over 19 timesteps [0.01s 17MB].
cdo(1) mergetime: Process started
cdo(1) mergetime: Processed 416500 values from 2 variables over 17 timesteps.
cdo    timcumsum: Processed 416500 values from 1 variable over 17 timesteps [0.03s 18MB].
cdo    replace: Processed 3748500 values from 10 variables over 34 timesteps [0.12s 25MB].
Mon Dec 6 01:00:00 PM UTC 2021 processed!
Number of files to process with CDO: 90
cdo(1) divc: Process started
cdo(2) setattribute: Process started
cdo(3) chname: Process started
cdo(4) mergetime: Process started
cdo(4) mergetime: Processed 2205000 values from 90 variables over 90 timesteps.
cdo(3) chname: Processed 2205000 values from 1 variable over 90 timesteps.
cdo(2) setattribute: Processed 2205000 values from 1 variable over 90 timesteps.
cdo(1) divc: Processed 2205000 values from 1 variable over 90 timesteps.
cdo    timcumsum: Processed 2205000 values from 1 variable over 90 timesteps [1.91s 73MB].
cdo(1) seltimestep: Process started
cdo(2) shifttime: Process started
cdo(3) copy: Process started
cdo(3) copy: Processed 2205000 values from 1 variable over 90 timesteps.
cdo(2) shifttime: Processed 2205000 values from 1 variable over 90 timesteps.
cdo(1) seltimestep: Processed 24500 values from 1 variable over 2 timesteps.
cdo    mulc: Processed 24500 values from 1 variable over 1 timestep [0.04s 31MB].
cdo    mergetime: Processed 2229500 values from 2 variables over 91 timesteps [0.07s 32MB].
cdo    replace: Processed 20065500 values from 10 variables over 182 timesteps [0.44s 98MB].
0-90 is done
Number of files to process with CDO: 18
cdo(1) setattribute: Process started
cdo(2) chname: Process started
cdo(3) mergetime: Process started
cdo(3) mergetime: Processed 441000 values from 18 variables over 18 timesteps.
cdo(2) chname: Processed 441000 values from 1 variable over 18 timesteps.
cdo(1) setattribute: Processed 441000 values from 1 variable over 18 timesteps.
cdo    divc: Processed 441000 values from 1 variable over 18 timesteps [0.38s 30MB].
cdo(1) copy: Process started
cdo(1) copy: Processed 2229500 values from 1 variable over 91 timesteps.
cdo    seltimestep: Processed 24500 values from 1 variable over 91 timesteps [0.06s 30MB].
cdo(1) mergetime: Process started
cdo(1) mergetime: Processed 465500 values from 2 variables over 19 timesteps.
cdo    timcumsum: Processed 465500 values from 1 variable over 19 timesteps [0.03s 18MB].
cdo    replace: Processed 4189500 values from 10 variables over 38 timesteps [0.12s 28MB].
90-144 is done
Number of files to process with CDO: 16
cdo(1) setattribute: Process started
cdo(2) chname: Process started
cdo(3) mergetime: Process started
cdo(3) mergetime: Processed 392000 values from 16 variables over 16 timesteps.
cdo(2) chname: Processed 392000 values from 1 variable over 16 timesteps.
cdo(1) setattribute: Processed 392000 values from 1 variable over 16 timesteps.
cdo    divc: Processed 392000 values from 1 variable over 16 timesteps [0.36s 28MB].
cdo(1) copy: Process started
cdo(1) copy: Processed 465500 values from 1 variable over 19 timesteps.
cdo    seltimestep: Processed 24500 values from 1 variable over 19 timesteps [0.01s 16MB].
cdo(1) mergetime: Process started
cdo(1) mergetime: Processed 416500 values from 2 variables over 17 timesteps.
cdo    timcumsum: Processed 416500 values from 1 variable over 17 timesteps [0.04s 18MB].
cdo    replace: Processed 3748500 values from 10 variables over 34 timesteps [0.12s 26MB].
Tue Dec 7 01:00:00 PM UTC 2021 processed!
Number of files to process with CDO: 90
cdo(1) divc: Process started
cdo(2) setattribute: Process started
cdo(3) chname: Process started
cdo(4) mergetime: Process started
cdo(4) mergetime: Processed 2205000 values from 90 variables over 90 timesteps.
cdo(3) chname: Processed 2205000 values from 1 variable over 90 timesteps.
cdo(2) setattribute: Processed 2205000 values from 1 variable over 90 timesteps.
cdo(1) divc: Processed 2205000 values from 1 variable over 90 timesteps.
cdo    timcumsum: Processed 2205000 values from 1 variable over 90 timesteps [1.82s 73MB].
cdo(1) seltimestep: Process started
cdo(2) shifttime: Process started
cdo(3) copy: Process started
cdo(3) copy: Processed 2205000 values from 1 variable over 90 timesteps.
cdo(2) shifttime: Processed 2205000 values from 1 variable over 90 timesteps.
cdo(1) seltimestep: Processed 24500 values from 1 variable over 2 timesteps.
cdo    mulc: Processed 24500 values from 1 variable over 1 timestep [0.04s 31MB].
cdo    mergetime: Processed 2229500 values from 2 variables over 91 timesteps [0.09s 32MB].
cdo    replace: Processed 20065500 values from 10 variables over 182 timesteps [0.43s 98MB].
0-90 is done
Number of files to process with CDO: 18
cdo(1) setattribute: Process started
cdo(2) chname: Process started
cdo(3) mergetime: Process started
cdo(3) mergetime: Processed 441000 values from 18 variables over 18 timesteps.
cdo(2) chname: Processed 441000 values from 1 variable over 18 timesteps.
cdo(1) setattribute: Processed 441000 values from 1 variable over 18 timesteps.
cdo    divc: Processed 441000 values from 1 variable over 18 timesteps [0.44s 30MB].
cdo(1) copy: Process started
cdo(1) copy: Processed 2229500 values from 1 variable over 91 timesteps.
cdo    seltimestep: Processed 24500 values from 1 variable over 91 timesteps [0.03s 30MB].
cdo(1) mergetime: Process started
cdo(1) mergetime: Processed 465500 values from 2 variables over 19 timesteps.
cdo    timcumsum: Processed 465500 values from 1 variable over 19 timesteps [0.03s 18MB].
cdo    replace: Processed 4189500 values from 10 variables over 38 timesteps [0.12s 28MB].
90-144 is done
Number of files to process with CDO: 16
cdo(1) setattribute: Process started
cdo(2) chname: Process started
cdo(3) mergetime: Process started
cdo(3) mergetime: Processed 392000 values from 16 variables over 16 timesteps.
cdo(2) chname: Processed 392000 values from 1 variable over 16 timesteps.
cdo(1) setattribute: Processed 392000 values from 1 variable over 16 timesteps.
cdo    divc: Processed 392000 values from 1 variable over 16 timesteps [0.40s 28MB].
cdo(1) copy: Process started
cdo(1) copy: Processed 465500 values from 1 variable over 19 timesteps.
cdo    seltimestep: Processed 24500 values from 1 variable over 19 timesteps [0.01s 16MB].
cdo(1) mergetime: Process started
cdo(1) mergetime: Processed 416500 values from 2 variables over 17 timesteps.
cdo    timcumsum: Processed 416500 values from 1 variable over 17 timesteps [0.03s 18MB].
cdo    replace: Processed 3748500 values from 10 variables over 34 timesteps [0.14s 27MB].
Wed Dec 8 01:00:00 PM UTC 2021 processed!
Number of files to process with CDO: 90
cdo(1) divc: Process started
cdo(2) setattribute: Process started
cdo(3) chname: Process started
cdo(4) mergetime: Process started
cdo(4) mergetime: Processed 2205000 values from 90 variables over 90 timesteps.
cdo(3) chname: Processed 2205000 values from 1 variable over 90 timesteps.
cdo(2) setattribute: Processed 2205000 values from 1 variable over 90 timesteps.
cdo(1) divc: Processed 2205000 values from 1 variable over 90 timesteps.
cdo    timcumsum: Processed 2205000 values from 1 variable over 90 timesteps [1.92s 73MB].
cdo(1) seltimestep: Process started
cdo(2) shifttime: Process started
cdo(3) copy: Process started
cdo(3) copy: Processed 2205000 values from 1 variable over 90 timesteps.
cdo(2) shifttime: Processed 2205000 values from 1 variable over 90 timesteps.
cdo(1) seltimestep: Processed 24500 values from 1 variable over 2 timesteps.
cdo    mulc: Processed 24500 values from 1 variable over 1 timestep [0.04s 31MB].
cdo    mergetime: Processed 2229500 values from 2 variables over 91 timesteps [0.10s 33MB].
cdo    replace: Processed 20065500 values from 10 variables over 182 timesteps [0.46s 97MB].
0-90 is done
Number of files to process with CDO: 18
cdo(1) setattribute: Process started
cdo(2) chname: Process started
cdo(3) mergetime: Process started
cdo(3) mergetime: Processed 441000 values from 18 variables over 18 timesteps.
cdo(2) chname: Processed 441000 values from 1 variable over 18 timesteps.
cdo(1) setattribute: Processed 441000 values from 1 variable over 18 timesteps.
cdo    divc: Processed 441000 values from 1 variable over 18 timesteps [0.34s 30MB].
cdo(1) copy: Process started
cdo(1) copy: Processed 2229500 values from 1 variable over 91 timesteps.
cdo    seltimestep: Processed 24500 values from 1 variable over 91 timesteps [0.03s 30MB].
cdo(1) mergetime: Process started
cdo(1) mergetime: Processed 465500 values from 2 variables over 19 timesteps.
cdo    timcumsum: Processed 465500 values from 1 variable over 19 timesteps [0.03s 18MB].
cdo    replace: Processed 4189500 values from 10 variables over 38 timesteps [0.12s 29MB].
90-144 is done
Number of files to process with CDO: 16
cdo(1) setattribute: Process started
cdo(2) chname: Process started
cdo(3) mergetime: Process started
cdo(3) mergetime: Processed 392000 values from 16 variables over 16 timesteps.
cdo(2) chname: Processed 392000 values from 1 variable over 16 timesteps.
cdo(1) setattribute: Processed 392000 values from 1 variable over 16 timesteps.
cdo    divc: Processed 392000 values from 1 variable over 16 timesteps [0.37s 28MB].
cdo(1) copy: Process started
cdo(1) copy: Processed 465500 values from 1 variable over 19 timesteps.
cdo    seltimestep: Processed 24500 values from 1 variable over 19 timesteps [0.01s 16MB].
cdo(1) mergetime: Process started
cdo(1) mergetime: Processed 416500 values from 2 variables over 17 timesteps.
cdo    timcumsum: Processed 416500 values from 1 variable over 17 timesteps [0.04s 18MB].
cdo    replace: Processed 3748500 values from 10 variables over 34 timesteps [0.12s 27MB].
Thu Dec 9 01:00:00 PM UTC 2021 processed!
Number of files to process with CDO: 90
cdo(1) divc: Process started
cdo(2) setattribute: Process started
cdo(3) chname: Process started
cdo(4) mergetime: Process started
cdo(4) mergetime: Processed 2205000 values from 90 variables over 90 timesteps.
cdo(3) chname: Processed 2205000 values from 1 variable over 90 timesteps.
cdo(2) setattribute: Processed 2205000 values from 1 variable over 90 timesteps.
cdo(1) divc: Processed 2205000 values from 1 variable over 90 timesteps.
cdo    timcumsum: Processed 2205000 values from 1 variable over 90 timesteps [1.77s 73MB].
cdo(1) seltimestep: Process started
cdo(2) shifttime: Process started
cdo(3) copy: Process started
cdo(3) copy: Processed 2205000 values from 1 variable over 90 timesteps.
cdo(2) shifttime: Processed 2205000 values from 1 variable over 90 timesteps.
cdo(1) seltimestep: Processed 24500 values from 1 variable over 2 timesteps.
cdo    mulc: Processed 24500 values from 1 variable over 1 timestep [0.03s 30MB].
cdo    mergetime: Processed 2229500 values from 2 variables over 91 timesteps [0.08s 32MB].
cdo    replace: Processed 20065500 values from 10 variables over 182 timesteps [0.43s 97MB].
0-90 is done
Number of files to process with CDO: 18
cdo(1) setattribute: Process started
cdo(2) chname: Process started
cdo(3) mergetime: Process started
cdo(3) mergetime: Processed 441000 values from 18 variables over 18 timesteps.
cdo(2) chname: Processed 441000 values from 1 variable over 18 timesteps.
cdo(1) setattribute: Processed 441000 values from 1 variable over 18 timesteps.
cdo    divc: Processed 441000 values from 1 variable over 18 timesteps [0.37s 30MB].
cdo(1) copy: Process started
cdo(1) copy: Processed 2229500 values from 1 variable over 91 timesteps.
cdo    seltimestep: Processed 24500 values from 1 variable over 91 timesteps [0.03s 29MB].
cdo(1) mergetime: Process started
cdo(1) mergetime: Processed 465500 values from 2 variables over 19 timesteps.
cdo    timcumsum: Processed 465500 values from 1 variable over 19 timesteps [0.11s 18MB].
cdo    replace: Processed 4189500 values from 10 variables over 38 timesteps [0.12s 28MB].
90-144 is done
Number of files to process with CDO: 16
cdo(1) setattribute: Process started
cdo(2) chname: Process started
cdo(3) mergetime: Process started
cdo(3) mergetime: Processed 392000 values from 16 variables over 16 timesteps.
cdo(2) chname: Processed 392000 values from 1 variable over 16 timesteps.
cdo(1) setattribute: Processed 392000 values from 1 variable over 16 timesteps.
cdo    divc: Processed 392000 values from 1 variable over 16 timesteps [0.34s 28MB].
cdo(1) copy: Process started
cdo(1) copy: Processed 465500 values from 1 variable over 19 timesteps.
cdo    seltimestep: Processed 24500 values from 1 variable over 19 timesteps [0.01s 16MB].
cdo(1) mergetime: Process started
cdo(1) mergetime: Processed 416500 values from 2 variables over 17 timesteps.
cdo    timcumsum: Processed 416500 values from 1 variable over 17 timesteps [0.03s 18MB].
cdo    replace: Processed 3748500 values from 10 variables over 34 timesteps [0.12s 26MB].
Fri Dec 10 01:00:00 PM UTC 2021 processed!
Number of files to process with CDO: 90
cdo(1) divc: Process started
cdo(2) setattribute: Process started
cdo(3) chname: Process started
cdo(4) mergetime: Process started
cdo(4) mergetime: Processed 2205000 values from 90 variables over 90 timesteps.
cdo(3) chname: Processed 2205000 values from 1 variable over 90 timesteps.
cdo(2) setattribute: Processed 2205000 values from 1 variable over 90 timesteps.
cdo(1) divc: Processed 2205000 values from 1 variable over 90 timesteps.
cdo    timcumsum: Processed 2205000 values from 1 variable over 90 timesteps [1.93s 73MB].
cdo(1) seltimestep: Process started
cdo(2) shifttime: Process started
cdo(3) copy: Process started
cdo(3) copy: Processed 2205000 values from 1 variable over 90 timesteps.
cdo(2) shifttime: Processed 2205000 values from 1 variable over 90 timesteps.
cdo(1) seltimestep: Processed 24500 values from 1 variable over 2 timesteps.
cdo    mulc: Processed 24500 values from 1 variable over 1 timestep [0.04s 30MB].
cdo    mergetime: Processed 2229500 values from 2 variables over 91 timesteps [0.07s 33MB].
cdo    replace: Processed 20065500 values from 10 variables over 182 timesteps [0.45s 96MB].
0-90 is done
Number of files to process with CDO: 18
cdo(1) setattribute: Process started
cdo(2) chname: Process started
cdo(3) mergetime: Process started
cdo(3) mergetime: Processed 441000 values from 18 variables over 18 timesteps.
cdo(2) chname: Processed 441000 values from 1 variable over 18 timesteps.
cdo(1) setattribute: Processed 441000 values from 1 variable over 18 timesteps.
cdo    divc: Processed 441000 values from 1 variable over 18 timesteps [0.35s 30MB].
cdo(1) copy: Process started
cdo(1) copy: Processed 2229500 values from 1 variable over 91 timesteps.
cdo    seltimestep: Processed 24500 values from 1 variable over 91 timesteps [0.03s 30MB].
cdo(1) mergetime: Process started
cdo(1) mergetime: Processed 465500 values from 2 variables over 19 timesteps.
cdo    timcumsum: Processed 465500 values from 1 variable over 19 timesteps [0.03s 18MB].
cdo    replace: Processed 4189500 values from 10 variables over 38 timesteps [0.13s 27MB].
90-144 is done
Number of files to process with CDO: 16
cdo(1) setattribute: Process started
cdo(2) chname: Process started
cdo(3) mergetime: Process started
cdo(3) mergetime: Processed 392000 values from 16 variables over 16 timesteps.
cdo(2) chname: Processed 392000 values from 1 variable over 16 timesteps.
cdo(1) setattribute: Processed 392000 values from 1 variable over 16 timesteps.
cdo    divc: Processed 392000 values from 1 variable over 16 timesteps [0.33s 29MB].
cdo(1) copy: Process started
cdo(1) copy: Processed 465500 values from 1 variable over 19 timesteps.
cdo    seltimestep: Processed 24500 values from 1 variable over 19 timesteps [0.01s 17MB].
cdo(1) mergetime: Process started
cdo(1) mergetime: Processed 416500 values from 2 variables over 17 timesteps.
cdo    timcumsum: Processed 416500 values from 1 variable over 17 timesteps [0.05s 18MB].
cdo    replace: Processed 3748500 values from 10 variables over 34 timesteps [0.12s 27MB].
Sat Dec 11 01:00:00 PM UTC 2021 processed!
Number of files to process with CDO: 90
cdo(1) divc: Process started
cdo(2) setattribute: Process started
cdo(3) chname: Process started
cdo(4) mergetime: Process started
cdo(4) mergetime: Processed 2205000 values from 90 variables over 90 timesteps.
cdo(3) chname: Processed 2205000 values from 1 variable over 90 timesteps.
cdo(2) setattribute: Processed 2205000 values from 1 variable over 90 timesteps.
cdo(1) divc: Processed 2205000 values from 1 variable over 90 timesteps.
cdo    timcumsum: Processed 2205000 values from 1 variable over 90 timesteps [1.75s 73MB].
cdo(1) seltimestep: Process started
cdo(2) shifttime: Process started
cdo(3) copy: Process started
cdo(3) copy: Processed 2205000 values from 1 variable over 90 timesteps.
cdo(2) shifttime: Processed 2205000 values from 1 variable over 90 timesteps.
cdo(1) seltimestep: Processed 24500 values from 1 variable over 2 timesteps.
cdo    mulc: Processed 24500 values from 1 variable over 1 timestep [0.03s 30MB].
cdo    mergetime: Processed 2229500 values from 2 variables over 91 timesteps [0.07s 31MB].
cdo    replace: Processed 20065500 values from 10 variables over 182 timesteps [0.45s 97MB].
0-90 is done
Number of files to process with CDO: 18
cdo(1) setattribute: Process started
cdo(2) chname: Process started
cdo(3) mergetime: Process started
cdo(3) mergetime: Processed 441000 values from 18 variables over 18 timesteps.
cdo(2) chname: Processed 441000 values from 1 variable over 18 timesteps.
cdo(1) setattribute: Processed 441000 values from 1 variable over 18 timesteps.
cdo    divc: Processed 441000 values from 1 variable over 18 timesteps [0.36s 30MB].
cdo(1) copy: Process started
cdo(1) copy: Processed 2229500 values from 1 variable over 91 timesteps.
cdo    seltimestep: Processed 24500 values from 1 variable over 91 timesteps [0.04s 30MB].
cdo(1) mergetime: Process started
cdo(1) mergetime: Processed 465500 values from 2 variables over 19 timesteps.
cdo    timcumsum: Processed 465500 values from 1 variable over 19 timesteps [0.05s 18MB].
cdo    replace: Processed 4189500 values from 10 variables over 38 timesteps [0.13s 29MB].
90-144 is done
Number of files to process with CDO: 16
cdo(1) setattribute: Process started
cdo(2) chname: Process started
cdo(3) mergetime: Process started
cdo(3) mergetime: Processed 392000 values from 16 variables over 16 timesteps.
cdo(2) chname: Processed 392000 values from 1 variable over 16 timesteps.
cdo(1) setattribute: Processed 392000 values from 1 variable over 16 timesteps.
cdo    divc: Processed 392000 values from 1 variable over 16 timesteps [0.39s 28MB].
cdo(1) copy: Process started
cdo(1) copy: Processed 465500 values from 1 variable over 19 timesteps.
cdo    seltimestep: Processed 24500 values from 1 variable over 19 timesteps [0.01s 17MB].
cdo(1) mergetime: Process started
cdo(1) mergetime: Processed 416500 values from 2 variables over 17 timesteps.
cdo    timcumsum: Processed 416500 values from 1 variable over 17 timesteps [0.03s 18MB].
cdo    replace: Processed 3748500 values from 10 variables over 34 timesteps [0.11s 26MB].
Sun Dec 12 01:00:00 PM UTC 2021 processed!
Number of files to process with CDO: 90
cdo(1) divc: Process started
cdo(2) setattribute: Process started
cdo(3) chname: Process started
cdo(4) mergetime: Process started
cdo(4) mergetime: Processed 2205000 values from 90 variables over 90 timesteps.
cdo(3) chname: Processed 2205000 values from 1 variable over 90 timesteps.
cdo(2) setattribute: Processed 2205000 values from 1 variable over 90 timesteps.
cdo(1) divc: Processed 2205000 values from 1 variable over 90 timesteps.
cdo    timcumsum: Processed 2205000 values from 1 variable over 90 timesteps [1.85s 73MB].
cdo(1) seltimestep: Process started
cdo(2) shifttime: Process started
cdo(3) copy: Process started
cdo(3) copy: Processed 2205000 values from 1 variable over 90 timesteps.
cdo(2) shifttime: Processed 2205000 values from 1 variable over 90 timesteps.
cdo(1) seltimestep: Processed 24500 values from 1 variable over 2 timesteps.
cdo    mulc: Processed 24500 values from 1 variable over 1 timestep [0.04s 30MB].
cdo    mergetime: Processed 2229500 values from 2 variables over 91 timesteps [0.07s 33MB].
cdo    replace: Processed 20065500 values from 10 variables over 182 timesteps [0.43s 97MB].
0-90 is done
Number of files to process with CDO: 18
cdo(1) setattribute: Process started
cdo(2) chname: Process started
cdo(3) mergetime: Process started
cdo(3) mergetime: Processed 441000 values from 18 variables over 18 timesteps.
cdo(2) chname: Processed 441000 values from 1 variable over 18 timesteps.
cdo(1) setattribute: Processed 441000 values from 1 variable over 18 timesteps.
cdo    divc: Processed 441000 values from 1 variable over 18 timesteps [0.35s 30MB].
cdo(1) copy: Process started
cdo(1) copy: Processed 2229500 values from 1 variable over 91 timesteps.
cdo    seltimestep: Processed 24500 values from 1 variable over 91 timesteps [0.03s 30MB].
cdo(1) mergetime: Process started
cdo(1) mergetime: Processed 465500 values from 2 variables over 19 timesteps.
cdo    timcumsum: Processed 465500 values from 1 variable over 19 timesteps [0.05s 18MB].
cdo    replace: Processed 4189500 values from 10 variables over 38 timesteps [0.13s 28MB].
90-144 is done
Number of files to process with CDO: 16
cdo(1) setattribute: Process started
cdo(2) chname: Process started
cdo(3) mergetime: Process started
cdo(3) mergetime: Processed 392000 values from 16 variables over 16 timesteps.
cdo(2) chname: Processed 392000 values from 1 variable over 16 timesteps.
cdo(1) setattribute: Processed 392000 values from 1 variable over 16 timesteps.
cdo    divc: Processed 392000 values from 1 variable over 16 timesteps [0.37s 28MB].
cdo(1) copy: Process started
cdo(1) copy: Processed 465500 values from 1 variable over 19 timesteps.
cdo    seltimestep: Processed 24500 values from 1 variable over 19 timesteps [0.01s 17MB].
cdo(1) mergetime: Process started
cdo(1) mergetime: Processed 416500 values from 2 variables over 17 timesteps.
cdo    timcumsum: Processed 416500 values from 1 variable over 17 timesteps [0.03s 18MB].
cdo    replace: Processed 3748500 values from 10 variables over 34 timesteps [0.12s 25MB].
Mon Dec 13 01:00:00 PM UTC 2021 processed!
Number of files to process with CDO: 90
cdo(1) divc: Process started
cdo(2) setattribute: Process started
cdo(3) chname: Process started
cdo(4) mergetime: Process started
cdo(4) mergetime: Processed 2205000 values from 90 variables over 90 timesteps.
cdo(3) chname: Processed 2205000 values from 1 variable over 90 timesteps.
cdo(2) setattribute: Processed 2205000 values from 1 variable over 90 timesteps.
cdo(1) divc: Processed 2205000 values from 1 variable over 90 timesteps.
cdo    timcumsum: Processed 2205000 values from 1 variable over 90 timesteps [1.78s 73MB].
cdo(1) seltimestep: Process started
cdo(2) shifttime: Process started
cdo(3) copy: Process started
cdo(3) copy: Processed 2205000 values from 1 variable over 90 timesteps.
cdo(2) shifttime: Processed 2205000 values from 1 variable over 90 timesteps.
cdo(1) seltimestep: Processed 24500 values from 1 variable over 2 timesteps.
cdo    mulc: Processed 24500 values from 1 variable over 1 timestep [0.04s 31MB].
cdo    mergetime: Processed 2229500 values from 2 variables over 91 timesteps [0.08s 29MB].
cdo    replace: Processed 20065500 values from 10 variables over 182 timesteps [0.45s 96MB].
0-90 is done
Number of files to process with CDO: 18
cdo(1) setattribute: Process started
cdo(2) chname: Process started
cdo(3) mergetime: Process started
cdo(3) mergetime: Processed 441000 values from 18 variables over 18 timesteps.
cdo(2) chname: Processed 441000 values from 1 variable over 18 timesteps.
cdo(1) setattribute: Processed 441000 values from 1 variable over 18 timesteps.
cdo    divc: Processed 441000 values from 1 variable over 18 timesteps [0.37s 30MB].
cdo(1) copy: Process started
cdo(1) copy: Processed 2229500 values from 1 variable over 91 timesteps.
cdo    seltimestep: Processed 24500 values from 1 variable over 91 timesteps [0.03s 29MB].
cdo(1) mergetime: Process started
cdo(1) mergetime: Processed 465500 values from 2 variables over 19 timesteps.
cdo    timcumsum: Processed 465500 values from 1 variable over 19 timesteps [0.05s 18MB].
cdo    replace: Processed 4189500 values from 10 variables over 38 timesteps [0.12s 27MB].
90-144 is done
Number of files to process with CDO: 16
cdo(1) setattribute: Process started
cdo(2) chname: Process started
cdo(3) mergetime: Process started
cdo(3) mergetime: Processed 392000 values from 16 variables over 16 timesteps.
cdo(2) chname: Processed 392000 values from 1 variable over 16 timesteps.
cdo(1) setattribute: Processed 392000 values from 1 variable over 16 timesteps.
cdo    divc: Processed 392000 values from 1 variable over 16 timesteps [0.33s 28MB].
cdo(1) copy: Process started
cdo(1) copy: Processed 465500 values from 1 variable over 19 timesteps.
cdo    seltimestep: Processed 24500 values from 1 variable over 19 timesteps [0.01s 17MB].
cdo(1) mergetime: Process started
cdo(1) mergetime: Processed 416500 values from 2 variables over 17 timesteps.
cdo    timcumsum: Processed 416500 values from 1 variable over 17 timesteps [0.03s 18MB].
cdo    replace: Processed 3748500 values from 10 variables over 34 timesteps [0.12s 26MB].
Tue Dec 14 01:00:00 PM UTC 2021 processed!
Number of files to process with CDO: 90
cdo(1) divc: Process started
cdo(2) setattribute: Process started
cdo(3) chname: Process started
cdo(4) mergetime: Process started
cdo(4) mergetime: Processed 2205000 values from 90 variables over 90 timesteps.
cdo(3) chname: Processed 2205000 values from 1 variable over 90 timesteps.
cdo(2) setattribute: Processed 2205000 values from 1 variable over 90 timesteps.
cdo(1) divc: Processed 2205000 values from 1 variable over 90 timesteps.
cdo    timcumsum: Processed 2205000 values from 1 variable over 90 timesteps [1.85s 72MB].
cdo(1) seltimestep: Process started
cdo(2) shifttime: Process started
cdo(3) copy: Process started
cdo(3) copy: Processed 2205000 values from 1 variable over 90 timesteps.
cdo(2) shifttime: Processed 2205000 values from 1 variable over 90 timesteps.
cdo(1) seltimestep: Processed 24500 values from 1 variable over 2 timesteps.
cdo    mulc: Processed 24500 values from 1 variable over 1 timestep [0.04s 30MB].
cdo    mergetime: Processed 2229500 values from 2 variables over 91 timesteps [0.06s 31MB].
cdo    replace: Processed 20065500 values from 10 variables over 182 timesteps [0.43s 97MB].
0-90 is done
Number of files to process with CDO: 18
cdo(1) setattribute: Process started
cdo(2) chname: Process started
cdo(3) mergetime: Process started
cdo(3) mergetime: Processed 441000 values from 18 variables over 18 timesteps.
cdo(2) chname: Processed 441000 values from 1 variable over 18 timesteps.
cdo(1) setattribute: Processed 441000 values from 1 variable over 18 timesteps.
cdo    divc: Processed 441000 values from 1 variable over 18 timesteps [0.34s 30MB].
cdo(1) copy: Process started
cdo(1) copy: Processed 2229500 values from 1 variable over 91 timesteps.
cdo    seltimestep: Processed 24500 values from 1 variable over 91 timesteps [0.03s 30MB].
cdo(1) mergetime: Process started
cdo(1) mergetime: Processed 465500 values from 2 variables over 19 timesteps.
cdo    timcumsum: Processed 465500 values from 1 variable over 19 timesteps [0.04s 18MB].
cdo    replace: Processed 4189500 values from 10 variables over 38 timesteps [0.12s 30MB].
90-144 is done
Number of files to process with CDO: 16
cdo(1) setattribute: Process started
cdo(2) chname: Process started
cdo(3) mergetime: Process started
cdo(3) mergetime: Processed 392000 values from 16 variables over 16 timesteps.
cdo(2) chname: Processed 392000 values from 1 variable over 16 timesteps.
cdo(1) setattribute: Processed 392000 values from 1 variable over 16 timesteps.
cdo    divc: Processed 392000 values from 1 variable over 16 timesteps [0.35s 28MB].
cdo(1) copy: Process started
cdo(1) copy: Processed 465500 values from 1 variable over 19 timesteps.
cdo    seltimestep: Processed 24500 values from 1 variable over 19 timesteps [0.01s 16MB].
cdo(1) mergetime: Process started
cdo(1) mergetime: Processed 416500 values from 2 variables over 17 timesteps.
cdo    timcumsum: Processed 416500 values from 1 variable over 17 timesteps [0.03s 17MB].
cdo    replace: Processed 3748500 values from 10 variables over 34 timesteps [0.12s 30MB].
Wed Dec 15 01:00:00 PM UTC 2021 processed!
Number of files to process with CDO: 90
cdo(1) divc: Process started
cdo(2) setattribute: Process started
cdo(3) chname: Process started
cdo(4) mergetime: Process started
cdo(4) mergetime: Processed 2205000 values from 90 variables over 90 timesteps.
cdo(3) chname: Processed 2205000 values from 1 variable over 90 timesteps.
cdo(2) setattribute: Processed 2205000 values from 1 variable over 90 timesteps.
cdo(1) divc: Processed 2205000 values from 1 variable over 90 timesteps.
cdo    timcumsum: Processed 2205000 values from 1 variable over 90 timesteps [1.67s 73MB].
cdo(1) seltimestep: Process started
cdo(2) shifttime: Process started
cdo(3) copy: Process started
cdo(3) copy: Processed 2205000 values from 1 variable over 90 timesteps.
cdo(2) shifttime: Processed 2205000 values from 1 variable over 90 timesteps.
cdo(1) seltimestep: Processed 24500 values from 1 variable over 2 timesteps.
cdo    mulc: Processed 24500 values from 1 variable over 1 timestep [0.04s 30MB].
cdo    mergetime: Processed 2229500 values from 2 variables over 91 timesteps [0.08s 32MB].
cdo    replace: Processed 20065500 values from 10 variables over 182 timesteps [0.45s 96MB].
0-90 is done
Number of files to process with CDO: 18
cdo(1) setattribute: Process started
cdo(2) chname: Process started
cdo(3) mergetime: Process started
cdo(3) mergetime: Processed 441000 values from 18 variables over 18 timesteps.
cdo(2) chname: Processed 441000 values from 1 variable over 18 timesteps.
cdo(1) setattribute: Processed 441000 values from 1 variable over 18 timesteps.
cdo    divc: Processed 441000 values from 1 variable over 18 timesteps [0.43s 30MB].
cdo(1) copy: Process started
cdo(1) copy: Processed 2229500 values from 1 variable over 91 timesteps.
cdo    seltimestep: Processed 24500 values from 1 variable over 91 timesteps [0.03s 30MB].
cdo(1) mergetime: Process started
cdo(1) mergetime: Processed 465500 values from 2 variables over 19 timesteps.
cdo    timcumsum: Processed 465500 values from 1 variable over 19 timesteps [0.05s 18MB].
cdo    replace: Processed 4189500 values from 10 variables over 38 timesteps [0.13s 28MB].
90-144 is done
Number of files to process with CDO: 16
cdo(1) setattribute: Process started
cdo(2) chname: Process started
cdo(3) mergetime: Process started
cdo(3) mergetime: Processed 392000 values from 16 variables over 16 timesteps.
cdo(2) chname: Processed 392000 values from 1 variable over 16 timesteps.
cdo(1) setattribute: Processed 392000 values from 1 variable over 16 timesteps.
cdo    divc: Processed 392000 values from 1 variable over 16 timesteps [0.33s 28MB].
cdo(1) copy: Process started
cdo(1) copy: Processed 465500 values from 1 variable over 19 timesteps.
cdo    seltimestep: Processed 24500 values from 1 variable over 19 timesteps [0.01s 16MB].
cdo(1) mergetime: Process started
cdo(1) mergetime: Processed 416500 values from 2 variables over 17 timesteps.
cdo    timcumsum: Processed 416500 values from 1 variable over 17 timesteps [0.03s 18MB].
cdo    replace: Processed 3748500 values from 10 variables over 34 timesteps [0.13s 27MB].
Thu Dec 16 01:00:00 PM UTC 2021 processed!
Number of files to process with CDO: 90
cdo(1) divc: Process started
cdo(2) setattribute: Process started
cdo(3) chname: Process started
cdo(4) mergetime: Process started
cdo(4) mergetime: Processed 2205000 values from 90 variables over 90 timesteps.
cdo(3) chname: Processed 2205000 values from 1 variable over 90 timesteps.
cdo(2) setattribute: Processed 2205000 values from 1 variable over 90 timesteps.
cdo(1) divc: Processed 2205000 values from 1 variable over 90 timesteps.
cdo    timcumsum: Processed 2205000 values from 1 variable over 90 timesteps [1.81s 73MB].
cdo(1) seltimestep: Process started
cdo(2) shifttime: Process started
cdo(3) copy: Process started
cdo(3) copy: Processed 2205000 values from 1 variable over 90 timesteps.
cdo(2) shifttime: Processed 2205000 values from 1 variable over 90 timesteps.
cdo(1) seltimestep: Processed 24500 values from 1 variable over 2 timesteps.
cdo    mulc: Processed 24500 values from 1 variable over 1 timestep [0.04s 30MB].
cdo    mergetime: Processed 2229500 values from 2 variables over 91 timesteps [0.08s 32MB].
cdo    replace: Processed 20065500 values from 10 variables over 182 timesteps [0.44s 97MB].
0-90 is done
Number of files to process with CDO: 18
cdo(1) setattribute: Process started
cdo(2) chname: Process started
cdo(3) mergetime: Process started
cdo(3) mergetime: Processed 441000 values from 18 variables over 18 timesteps.
cdo(2) chname: Processed 441000 values from 1 variable over 18 timesteps.
cdo(1) setattribute: Processed 441000 values from 1 variable over 18 timesteps.
cdo    divc: Processed 441000 values from 1 variable over 18 timesteps [0.42s 30MB].
cdo(1) copy: Process started
cdo(1) copy: Processed 2229500 values from 1 variable over 91 timesteps.
cdo    seltimestep: Processed 24500 values from 1 variable over 91 timesteps [0.02s 31MB].
cdo(1) mergetime: Process started
cdo(1) mergetime: Processed 465500 values from 2 variables over 19 timesteps.
cdo    timcumsum: Processed 465500 values from 1 variable over 19 timesteps [0.04s 18MB].
cdo    replace: Processed 4189500 values from 10 variables over 38 timesteps [0.14s 29MB].
90-144 is done
Number of files to process with CDO: 16
cdo(1) setattribute: Process started
cdo(2) chname: Process started
cdo(3) mergetime: Process started
cdo(3) mergetime: Processed 392000 values from 16 variables over 16 timesteps.
cdo(2) chname: Processed 392000 values from 1 variable over 16 timesteps.
cdo(1) setattribute: Processed 392000 values from 1 variable over 16 timesteps.
cdo    divc: Processed 392000 values from 1 variable over 16 timesteps [0.30s 28MB].
cdo(1) copy: Process started
cdo(1) copy: Processed 465500 values from 1 variable over 19 timesteps.
cdo    seltimestep: Processed 24500 values from 1 variable over 19 timesteps [0.01s 16MB].
cdo(1) mergetime: Process started
cdo(1) mergetime: Processed 416500 values from 2 variables over 17 timesteps.
cdo    timcumsum: Processed 416500 values from 1 variable over 17 timesteps [0.03s 17MB].
cdo    replace: Processed 3748500 values from 10 variables over 34 timesteps [0.12s 26MB].
Fri Dec 17 01:00:00 PM UTC 2021 processed!
Number of files to process with CDO: 90
cdo(1) divc: Process started
cdo(2) setattribute: Process started
cdo(3) chname: Process started
cdo(4) mergetime: Process started
cdo(4) mergetime: Processed 2205000 values from 90 variables over 90 timesteps.
cdo(3) chname: Processed 2205000 values from 1 variable over 90 timesteps.
cdo(2) setattribute: Processed 2205000 values from 1 variable over 90 timesteps.
cdo(1) divc: Processed 2205000 values from 1 variable over 90 timesteps.
cdo    timcumsum: Processed 2205000 values from 1 variable over 90 timesteps [1.87s 72MB].
cdo(1) seltimestep: Process started
cdo(2) shifttime: Process started
cdo(3) copy: Process started
cdo(3) copy: Processed 2205000 values from 1 variable over 90 timesteps.
cdo(2) shifttime: Processed 2205000 values from 1 variable over 90 timesteps.
cdo(1) seltimestep: Processed 24500 values from 1 variable over 2 timesteps.
cdo    mulc: Processed 24500 values from 1 variable over 1 timestep [0.04s 30MB].
cdo    mergetime: Processed 2229500 values from 2 variables over 91 timesteps [0.08s 32MB].
cdo    replace: Processed 20065500 values from 10 variables over 182 timesteps [0.46s 96MB].
0-90 is done
Number of files to process with CDO: 18
cdo(1) setattribute: Process started
cdo(2) chname: Process started
cdo(3) mergetime: Process started
cdo(3) mergetime: Processed 441000 values from 18 variables over 18 timesteps.
cdo(2) chname: Processed 441000 values from 1 variable over 18 timesteps.
cdo(1) setattribute: Processed 441000 values from 1 variable over 18 timesteps.
cdo    divc: Processed 441000 values from 1 variable over 18 timesteps [0.33s 30MB].
cdo(1) copy: Process started
cdo(1) copy: Processed 2229500 values from 1 variable over 91 timesteps.
cdo    seltimestep: Processed 24500 values from 1 variable over 91 timesteps [0.02s 30MB].
cdo(1) mergetime: Process started
cdo(1) mergetime: Processed 465500 values from 2 variables over 19 timesteps.
cdo    timcumsum: Processed 465500 values from 1 variable over 19 timesteps [0.03s 18MB].
cdo    replace: Processed 4189500 values from 10 variables over 38 timesteps [0.12s 28MB].
90-144 is done
Number of files to process with CDO: 16
cdo(1) setattribute: Process started
cdo(2) chname: Process started
cdo(3) mergetime: Process started
cdo(3) mergetime: Processed 392000 values from 16 variables over 16 timesteps.
cdo(2) chname: Processed 392000 values from 1 variable over 16 timesteps.
cdo(1) setattribute: Processed 392000 values from 1 variable over 16 timesteps.
cdo    divc: Processed 392000 values from 1 variable over 16 timesteps [0.35s 28MB].
cdo(1) copy: Process started
cdo(1) copy: Processed 465500 values from 1 variable over 19 timesteps.
cdo    seltimestep: Processed 24500 values from 1 variable over 19 timesteps [0.01s 17MB].
cdo(1) mergetime: Process started
cdo(1) mergetime: Processed 416500 values from 2 variables over 17 timesteps.
cdo    timcumsum: Processed 416500 values from 1 variable over 17 timesteps [0.02s 18MB].
cdo    replace: Processed 3748500 values from 10 variables over 34 timesteps [0.12s 26MB].
Sat Dec 18 01:00:00 PM UTC 2021 processed!
Number of files to process with CDO: 90
cdo(1) divc: Process started
cdo(2) setattribute: Process started
cdo(3) chname: Process started
cdo(4) mergetime: Process started
cdo(4) mergetime: Processed 2205000 values from 90 variables over 90 timesteps.
cdo(3) chname: Processed 2205000 values from 1 variable over 90 timesteps.
cdo(2) setattribute: Processed 2205000 values from 1 variable over 90 timesteps.
cdo(1) divc: Processed 2205000 values from 1 variable over 90 timesteps.
cdo    timcumsum: Processed 2205000 values from 1 variable over 90 timesteps [1.64s 75MB].
cdo(1) seltimestep: Process started
cdo(2) shifttime: Process started
cdo(3) copy: Process started
cdo(3) copy: Processed 2205000 values from 1 variable over 90 timesteps.
cdo(2) shifttime: Processed 2205000 values from 1 variable over 90 timesteps.
cdo(1) seltimestep: Processed 24500 values from 1 variable over 2 timesteps.
cdo    mulc: Processed 24500 values from 1 variable over 1 timestep [0.04s 30MB].
cdo    mergetime: Processed 2229500 values from 2 variables over 91 timesteps [0.09s 31MB].
cdo    replace: Processed 20065500 values from 10 variables over 182 timesteps [0.43s 96MB].
0-90 is done
Number of files to process with CDO: 18
cdo(1) setattribute: Process started
cdo(2) chname: Process started
cdo(3) mergetime: Process started
cdo(3) mergetime: Processed 441000 values from 18 variables over 18 timesteps.
cdo(2) chname: Processed 441000 values from 1 variable over 18 timesteps.
cdo(1) setattribute: Processed 441000 values from 1 variable over 18 timesteps.
cdo    divc: Processed 441000 values from 1 variable over 18 timesteps [0.30s 30MB].
cdo(1) copy: Process started
cdo(1) copy: Processed 2229500 values from 1 variable over 91 timesteps.
cdo    seltimestep: Processed 24500 values from 1 variable over 91 timesteps [0.02s 30MB].
cdo(1) mergetime: Process started
cdo(1) mergetime: Processed 465500 values from 2 variables over 19 timesteps.
cdo    timcumsum: Processed 465500 values from 1 variable over 19 timesteps [0.03s 18MB].
cdo    replace: Processed 4189500 values from 10 variables over 38 timesteps [0.15s 27MB].
90-144 is done
Number of files to process with CDO: 16
cdo(1) setattribute: Process started
cdo(2) chname: Process started
cdo(3) mergetime: Process started
cdo(3) mergetime: Processed 392000 values from 16 variables over 16 timesteps.
cdo(2) chname: Processed 392000 values from 1 variable over 16 timesteps.
cdo(1) setattribute: Processed 392000 values from 1 variable over 16 timesteps.
cdo    divc: Processed 392000 values from 1 variable over 16 timesteps [0.42s 28MB].
cdo(1) copy: Process started
cdo(1) copy: Processed 465500 values from 1 variable over 19 timesteps.
cdo    seltimestep: Processed 24500 values from 1 variable over 19 timesteps [0.01s 16MB].
cdo(1) mergetime: Process started
cdo(1) mergetime: Processed 416500 values from 2 variables over 17 timesteps.
cdo    timcumsum: Processed 416500 values from 1 variable over 17 timesteps [0.03s 18MB].
cdo    replace: Processed 3748500 values from 10 variables over 34 timesteps [0.12s 25MB].
Sun Dec 19 01:00:00 PM UTC 2021 processed!
Number of files to process with CDO: 90
cdo(1) divc: Process started
cdo(2) setattribute: Process started
cdo(3) chname: Process started
cdo(4) mergetime: Process started
cdo(4) mergetime: Processed 2205000 values from 90 variables over 90 timesteps.
cdo(3) chname: Processed 2205000 values from 1 variable over 90 timesteps.
cdo(2) setattribute: Processed 2205000 values from 1 variable over 90 timesteps.
cdo(1) divc: Processed 2205000 values from 1 variable over 90 timesteps.
cdo    timcumsum: Processed 2205000 values from 1 variable over 90 timesteps [1.81s 73MB].
cdo(1) seltimestep: Process started
cdo(2) shifttime: Process started
cdo(3) copy: Process started
cdo(3) copy: Processed 2205000 values from 1 variable over 90 timesteps.
cdo(2) shifttime: Processed 2205000 values from 1 variable over 90 timesteps.
cdo(1) seltimestep: Processed 24500 values from 1 variable over 2 timesteps.
cdo    mulc: Processed 24500 values from 1 variable over 1 timestep [0.04s 30MB].
cdo    mergetime: Processed 2229500 values from 2 variables over 91 timesteps [0.07s 32MB].
cdo    replace: Processed 20065500 values from 10 variables over 182 timesteps [0.43s 96MB].
0-90 is done
Number of files to process with CDO: 18
cdo(1) setattribute: Process started
cdo(2) chname: Process started
cdo(3) mergetime: Process started
cdo(3) mergetime: Processed 441000 values from 18 variables over 18 timesteps.
cdo(2) chname: Processed 441000 values from 1 variable over 18 timesteps.
cdo(1) setattribute: Processed 441000 values from 1 variable over 18 timesteps.
cdo    divc: Processed 441000 values from 1 variable over 18 timesteps [0.35s 29MB].
cdo(1) copy: Process started
cdo(1) copy: Processed 2229500 values from 1 variable over 91 timesteps.
cdo    seltimestep: Processed 24500 values from 1 variable over 91 timesteps [0.02s 30MB].
cdo(1) mergetime: Process started
cdo(1) mergetime: Processed 465500 values from 2 variables over 19 timesteps.
cdo    timcumsum: Processed 465500 values from 1 variable over 19 timesteps [0.04s 18MB].
cdo    replace: Processed 4189500 values from 10 variables over 38 timesteps [0.12s 28MB].
90-144 is done
Number of files to process with CDO: 16
cdo(1) setattribute: Process started
cdo(2) chname: Process started
cdo(3) mergetime: Process started
cdo(3) mergetime: Processed 392000 values from 16 variables over 16 timesteps.
cdo(2) chname: Processed 392000 values from 1 variable over 16 timesteps.
cdo(1) setattribute: Processed 392000 values from 1 variable over 16 timesteps.
cdo    divc: Processed 392000 values from 1 variable over 16 timesteps [0.32s 28MB].
cdo(1) copy: Process started
cdo(1) copy: Processed 465500 values from 1 variable over 19 timesteps.
cdo    seltimestep: Processed 24500 values from 1 variable over 19 timesteps [0.01s 17MB].
cdo(1) mergetime: Process started
cdo(1) mergetime: Processed 416500 values from 2 variables over 17 timesteps.
cdo    timcumsum: Processed 416500 values from 1 variable over 17 timesteps [0.03s 18MB].
cdo    replace: Processed 3748500 values from 10 variables over 34 timesteps [0.12s 26MB].
Mon Dec 20 01:00:00 PM UTC 2021 processed!
Number of files to process with CDO: 90
cdo(1) divc: Process started
cdo(2) setattribute: Process started
cdo(3) chname: Process started
cdo(4) mergetime: Process started
cdo(4) mergetime: Processed 2205000 values from 90 variables over 90 timesteps.
cdo(3) chname: Processed 2205000 values from 1 variable over 90 timesteps.
cdo(2) setattribute: Processed 2205000 values from 1 variable over 90 timesteps.
cdo(1) divc: Processed 2205000 values from 1 variable over 90 timesteps.
cdo    timcumsum: Processed 2205000 values from 1 variable over 90 timesteps [1.83s 73MB].
cdo(1) seltimestep: Process started
cdo(2) shifttime: Process started
cdo(3) copy: Process started
cdo(3) copy: Processed 2205000 values from 1 variable over 90 timesteps.
cdo(2) shifttime: Processed 2205000 values from 1 variable over 90 timesteps.
cdo(1) seltimestep: Processed 24500 values from 1 variable over 2 timesteps.
cdo    mulc: Processed 24500 values from 1 variable over 1 timestep [0.04s 29MB].
cdo    mergetime: Processed 2229500 values from 2 variables over 91 timesteps [0.07s 31MB].
cdo    replace: Processed 20065500 values from 10 variables over 182 timesteps [0.47s 97MB].
0-90 is done
Number of files to process with CDO: 18
cdo(1) setattribute: Process started
cdo(2) chname: Process started
cdo(3) mergetime: Process started
cdo(3) mergetime: Processed 441000 values from 18 variables over 18 timesteps.
cdo(2) chname: Processed 441000 values from 1 variable over 18 timesteps.
cdo(1) setattribute: Processed 441000 values from 1 variable over 18 timesteps.
cdo    divc: Processed 441000 values from 1 variable over 18 timesteps [0.35s 30MB].
cdo(1) copy: Process started
cdo(1) copy: Processed 2229500 values from 1 variable over 91 timesteps.
cdo    seltimestep: Processed 24500 values from 1 variable over 91 timesteps [0.03s 30MB].
cdo(1) mergetime: Process started
cdo(1) mergetime: Processed 465500 values from 2 variables over 19 timesteps.
cdo    timcumsum: Processed 465500 values from 1 variable over 19 timesteps [0.03s 18MB].
cdo    replace: Processed 4189500 values from 10 variables over 38 timesteps [0.12s 29MB].
90-144 is done
Number of files to process with CDO: 16
cdo(1) setattribute: Process started
cdo(2) chname: Process started
cdo(3) mergetime: Process started
cdo(3) mergetime: Processed 392000 values from 16 variables over 16 timesteps.
cdo(2) chname: Processed 392000 values from 1 variable over 16 timesteps.
cdo(1) setattribute: Processed 392000 values from 1 variable over 16 timesteps.
cdo    divc: Processed 392000 values from 1 variable over 16 timesteps [0.37s 28MB].
cdo(1) copy: Process started
cdo(1) copy: Processed 465500 values from 1 variable over 19 timesteps.
cdo    seltimestep: Processed 24500 values from 1 variable over 19 timesteps [0.01s 17MB].
cdo(1) mergetime: Process started
cdo(1) mergetime: Processed 416500 values from 2 variables over 17 timesteps.
cdo    timcumsum: Processed 416500 values from 1 variable over 17 timesteps [0.04s 17MB].
cdo    replace: Processed 3748500 values from 10 variables over 34 timesteps [0.13s 27MB].
Tue Dec 21 01:00:00 PM UTC 2021 processed!
Number of files to process with CDO: 90
cdo(1) divc: Process started
cdo(2) setattribute: Process started
cdo(3) chname: Process started
cdo(4) mergetime: Process started
cdo(4) mergetime: Processed 2205000 values from 90 variables over 90 timesteps.
cdo(3) chname: Processed 2205000 values from 1 variable over 90 timesteps.
cdo(2) setattribute: Processed 2205000 values from 1 variable over 90 timesteps.
cdo(1) divc: Processed 2205000 values from 1 variable over 90 timesteps.
cdo    timcumsum: Processed 2205000 values from 1 variable over 90 timesteps [1.78s 73MB].
cdo(1) seltimestep: Process started
cdo(2) shifttime: Process started
cdo(3) copy: Process started
cdo(3) copy: Processed 2205000 values from 1 variable over 90 timesteps.
cdo(2) shifttime: Processed 2205000 values from 1 variable over 90 timesteps.
cdo(1) seltimestep: Processed 24500 values from 1 variable over 2 timesteps.
cdo    mulc: Processed 24500 values from 1 variable over 1 timestep [0.04s 31MB].
cdo    mergetime: Processed 2229500 values from 2 variables over 91 timesteps [0.07s 31MB].
cdo    replace: Processed 20065500 values from 10 variables over 182 timesteps [0.43s 96MB].
0-90 is done
Number of files to process with CDO: 18
cdo(1) setattribute: Process started
cdo(2) chname: Process started
cdo(3) mergetime: Process started
cdo(3) mergetime: Processed 441000 values from 18 variables over 18 timesteps.
cdo(2) chname: Processed 441000 values from 1 variable over 18 timesteps.
cdo(1) setattribute: Processed 441000 values from 1 variable over 18 timesteps.
cdo    divc: Processed 441000 values from 1 variable over 18 timesteps [0.40s 30MB].
cdo(1) copy: Process started
cdo(1) copy: Processed 2229500 values from 1 variable over 91 timesteps.
cdo    seltimestep: Processed 24500 values from 1 variable over 91 timesteps [0.03s 30MB].
cdo(1) mergetime: Process started
cdo(1) mergetime: Processed 465500 values from 2 variables over 19 timesteps.
cdo    timcumsum: Processed 465500 values from 1 variable over 19 timesteps [0.04s 18MB].
cdo    replace: Processed 4189500 values from 10 variables over 38 timesteps [0.13s 27MB].
90-144 is done
Number of files to process with CDO: 16
cdo(1) setattribute: Process started
cdo(2) chname: Process started
cdo(3) mergetime: Process started
cdo(3) mergetime: Processed 392000 values from 16 variables over 16 timesteps.
cdo(2) chname: Processed 392000 values from 1 variable over 16 timesteps.
cdo(1) setattribute: Processed 392000 values from 1 variable over 16 timesteps.
cdo    divc: Processed 392000 values from 1 variable over 16 timesteps [0.39s 28MB].
cdo(1) copy: Process started
cdo(1) copy: Processed 465500 values from 1 variable over 19 timesteps.
cdo    seltimestep: Processed 24500 values from 1 variable over 19 timesteps [0.01s 17MB].
cdo(1) mergetime: Process started
cdo(1) mergetime: Processed 416500 values from 2 variables over 17 timesteps.
cdo    timcumsum: Processed 416500 values from 1 variable over 17 timesteps [0.03s 18MB].
cdo    replace: Processed 3748500 values from 10 variables over 34 timesteps [0.11s 26MB].
Wed Dec 22 01:00:00 PM UTC 2021 processed!
Number of files to process with CDO: 90
cdo(1) divc: Process started
cdo(2) setattribute: Process started
cdo(3) chname: Process started
cdo(4) mergetime: Process started
cdo(4) mergetime: Processed 2205000 values from 90 variables over 90 timesteps.
cdo(3) chname: Processed 2205000 values from 1 variable over 90 timesteps.
cdo(2) setattribute: Processed 2205000 values from 1 variable over 90 timesteps.
cdo(1) divc: Processed 2205000 values from 1 variable over 90 timesteps.
cdo    timcumsum: Processed 2205000 values from 1 variable over 90 timesteps [1.73s 73MB].
cdo(1) seltimestep: Process started
cdo(2) shifttime: Process started
cdo(3) copy: Process started
cdo(3) copy: Processed 2205000 values from 1 variable over 90 timesteps.
cdo(2) shifttime: Processed 2205000 values from 1 variable over 90 timesteps.
cdo(1) seltimestep: Processed 24500 values from 1 variable over 2 timesteps.
cdo    mulc: Processed 24500 values from 1 variable over 1 timestep [0.04s 31MB].
cdo    mergetime: Processed 2229500 values from 2 variables over 91 timesteps [0.09s 31MB].
cdo    replace: Processed 20065500 values from 10 variables over 182 timesteps [0.51s 96MB].
0-90 is done
Number of files to process with CDO: 18
cdo(1) setattribute: Process started
cdo(2) chname: Process started
cdo(3) mergetime: Process started
cdo(3) mergetime: Processed 441000 values from 18 variables over 18 timesteps.
cdo(2) chname: Processed 441000 values from 1 variable over 18 timesteps.
cdo(1) setattribute: Processed 441000 values from 1 variable over 18 timesteps.
cdo    divc: Processed 441000 values from 1 variable over 18 timesteps [0.34s 30MB].
cdo(1) copy: Process started
cdo(1) copy: Processed 2229500 values from 1 variable over 91 timesteps.
cdo    seltimestep: Processed 24500 values from 1 variable over 91 timesteps [0.03s 30MB].
cdo(1) mergetime: Process started
cdo(1) mergetime: Processed 465500 values from 2 variables over 19 timesteps.
cdo    timcumsum: Processed 465500 values from 1 variable over 19 timesteps [0.06s 18MB].
cdo    replace: Processed 4189500 values from 10 variables over 38 timesteps [0.14s 30MB].
90-144 is done
Number of files to process with CDO: 16
cdo(1) setattribute: Process started
cdo(2) chname: Process started
cdo(3) mergetime: Process started
cdo(3) mergetime: Processed 392000 values from 16 variables over 16 timesteps.
cdo(2) chname: Processed 392000 values from 1 variable over 16 timesteps.
cdo(1) setattribute: Processed 392000 values from 1 variable over 16 timesteps.
cdo    divc: Processed 392000 values from 1 variable over 16 timesteps [0.34s 28MB].
cdo(1) copy: Process started
cdo(1) copy: Processed 465500 values from 1 variable over 19 timesteps.
cdo    seltimestep: Processed 24500 values from 1 variable over 19 timesteps [0.01s 16MB].
cdo(1) mergetime: Process started
cdo(1) mergetime: Processed 416500 values from 2 variables over 17 timesteps.
cdo    timcumsum: Processed 416500 values from 1 variable over 17 timesteps [0.03s 18MB].
cdo    replace: Processed 3748500 values from 10 variables over 34 timesteps [0.12s 26MB].
Thu Dec 23 01:00:00 PM UTC 2021 processed!
Number of files to process with CDO: 90
cdo(1) divc: Process started
cdo(2) setattribute: Process started
cdo(3) chname: Process started
cdo(4) mergetime: Process started
cdo(4) mergetime: Processed 2205000 values from 90 variables over 90 timesteps.
cdo(3) chname: Processed 2205000 values from 1 variable over 90 timesteps.
cdo(2) setattribute: Processed 2205000 values from 1 variable over 90 timesteps.
cdo(1) divc: Processed 2205000 values from 1 variable over 90 timesteps.
cdo    timcumsum: Processed 2205000 values from 1 variable over 90 timesteps [1.64s 73MB].
cdo(1) seltimestep: Process started
cdo(2) shifttime: Process started
cdo(3) copy: Process started
cdo(3) copy: Processed 2205000 values from 1 variable over 90 timesteps.
cdo(2) shifttime: Processed 2205000 values from 1 variable over 90 timesteps.
cdo(1) seltimestep: Processed 24500 values from 1 variable over 2 timesteps.
cdo    mulc: Processed 24500 values from 1 variable over 1 timestep [0.04s 30MB].
cdo    mergetime: Processed 2229500 values from 2 variables over 91 timesteps [0.11s 32MB].
cdo    replace: Processed 20065500 values from 10 variables over 182 timesteps [0.44s 97MB].
0-90 is done
Number of files to process with CDO: 18
cdo(1) setattribute: Process started
cdo(2) chname: Process started
cdo(3) mergetime: Process started
cdo(3) mergetime: Processed 441000 values from 18 variables over 18 timesteps.
cdo(2) chname: Processed 441000 values from 1 variable over 18 timesteps.
cdo(1) setattribute: Processed 441000 values from 1 variable over 18 timesteps.
cdo    divc: Processed 441000 values from 1 variable over 18 timesteps [0.34s 30MB].
cdo(1) copy: Process started
cdo(1) copy: Processed 2229500 values from 1 variable over 91 timesteps.
cdo    seltimestep: Processed 24500 values from 1 variable over 91 timesteps [0.03s 31MB].
cdo(1) mergetime: Process started
cdo(1) mergetime: Processed 465500 values from 2 variables over 19 timesteps.
cdo    timcumsum: Processed 465500 values from 1 variable over 19 timesteps [0.03s 18MB].
cdo    replace: Processed 4189500 values from 10 variables over 38 timesteps [0.12s 28MB].
90-144 is done
Number of files to process with CDO: 16
cdo(1) setattribute: Process started
cdo(2) chname: Process started
cdo(3) mergetime: Process started
cdo(3) mergetime: Processed 392000 values from 16 variables over 16 timesteps.
cdo(2) chname: Processed 392000 values from 1 variable over 16 timesteps.
cdo(1) setattribute: Processed 392000 values from 1 variable over 16 timesteps.
cdo    divc: Processed 392000 values from 1 variable over 16 timesteps [0.30s 28MB].
cdo(1) copy: Process started
cdo(1) copy: Processed 465500 values from 1 variable over 19 timesteps.
cdo    seltimestep: Processed 24500 values from 1 variable over 19 timesteps [0.01s 17MB].
cdo(1) mergetime: Process started
cdo(1) mergetime: Processed 416500 values from 2 variables over 17 timesteps.
cdo    timcumsum: Processed 416500 values from 1 variable over 17 timesteps [0.04s 18MB].
cdo    replace: Processed 3748500 values from 10 variables over 34 timesteps [0.11s 28MB].
Fri Dec 24 01:00:00 PM UTC 2021 processed!
Number of files to process with CDO: 90
cdo(1) divc: Process started
cdo(2) setattribute: Process started
cdo(3) chname: Process started
cdo(4) mergetime: Process started
cdo(4) mergetime: Processed 2205000 values from 90 variables over 90 timesteps.
cdo(3) chname: Processed 2205000 values from 1 variable over 90 timesteps.
cdo(2) setattribute: Processed 2205000 values from 1 variable over 90 timesteps.
cdo(1) divc: Processed 2205000 values from 1 variable over 90 timesteps.
cdo    timcumsum: Processed 2205000 values from 1 variable over 90 timesteps [1.65s 75MB].
cdo(1) seltimestep: Process started
cdo(2) shifttime: Process started
cdo(3) copy: Process started
cdo(3) copy: Processed 2205000 values from 1 variable over 90 timesteps.
cdo(2) shifttime: Processed 2205000 values from 1 variable over 90 timesteps.
cdo(1) seltimestep: Processed 24500 values from 1 variable over 2 timesteps.
cdo    mulc: Processed 24500 values from 1 variable over 1 timestep [0.04s 30MB].
cdo    mergetime: Processed 2229500 values from 2 variables over 91 timesteps [0.09s 31MB].
cdo    replace: Processed 20065500 values from 10 variables over 182 timesteps [0.45s 98MB].
0-90 is done
Number of files to process with CDO: 18
cdo(1) setattribute: Process started
cdo(2) chname: Process started
cdo(3) mergetime: Process started
cdo(3) mergetime: Processed 441000 values from 18 variables over 18 timesteps.
cdo(2) chname: Processed 441000 values from 1 variable over 18 timesteps.
cdo(1) setattribute: Processed 441000 values from 1 variable over 18 timesteps.
cdo    divc: Processed 441000 values from 1 variable over 18 timesteps [0.39s 30MB].
cdo(1) copy: Process started
cdo(1) copy: Processed 2229500 values from 1 variable over 91 timesteps.
cdo    seltimestep: Processed 24500 values from 1 variable over 91 timesteps [0.03s 30MB].
cdo(1) mergetime: Process started
cdo(1) mergetime: Processed 465500 values from 2 variables over 19 timesteps.
cdo    timcumsum: Processed 465500 values from 1 variable over 19 timesteps [0.03s 18MB].
cdo    replace: Processed 4189500 values from 10 variables over 38 timesteps [0.12s 28MB].
90-144 is done
Number of files to process with CDO: 16
cdo(1) setattribute: Process started
cdo(2) chname: Process started
cdo(3) mergetime: Process started
cdo(3) mergetime: Processed 392000 values from 16 variables over 16 timesteps.
cdo(2) chname: Processed 392000 values from 1 variable over 16 timesteps.
cdo(1) setattribute: Processed 392000 values from 1 variable over 16 timesteps.
cdo    divc: Processed 392000 values from 1 variable over 16 timesteps [0.35s 28MB].
cdo(1) copy: Process started
cdo(1) copy: Processed 465500 values from 1 variable over 19 timesteps.
cdo    seltimestep: Processed 24500 values from 1 variable over 19 timesteps [0.01s 17MB].
cdo(1) mergetime: Process started
cdo(1) mergetime: Processed 416500 values from 2 variables over 17 timesteps.
cdo    timcumsum: Processed 416500 values from 1 variable over 17 timesteps [0.05s 18MB].
cdo    replace: Processed 3748500 values from 10 variables over 34 timesteps [0.12s 30MB].
Sat Dec 25 01:00:00 PM UTC 2021 processed!
Number of files to process with CDO: 90
cdo(1) divc: Process started
cdo(2) setattribute: Process started
cdo(3) chname: Process started
cdo(4) mergetime: Process started
cdo(4) mergetime: Processed 2205000 values from 90 variables over 90 timesteps.
cdo(3) chname: Processed 2205000 values from 1 variable over 90 timesteps.
cdo(2) setattribute: Processed 2205000 values from 1 variable over 90 timesteps.
cdo(1) divc: Processed 2205000 values from 1 variable over 90 timesteps.
cdo    timcumsum: Processed 2205000 values from 1 variable over 90 timesteps [1.79s 73MB].
cdo(1) seltimestep: Process started
cdo(2) shifttime: Process started
cdo(3) copy: Process started
cdo(3) copy: Processed 2205000 values from 1 variable over 90 timesteps.
cdo(2) shifttime: Processed 2205000 values from 1 variable over 90 timesteps.
cdo(1) seltimestep: Processed 24500 values from 1 variable over 2 timesteps.
cdo    mulc: Processed 24500 values from 1 variable over 1 timestep [0.04s 30MB].
cdo    mergetime: Processed 2229500 values from 2 variables over 91 timesteps [0.08s 31MB].
cdo    replace: Processed 20065500 values from 10 variables over 182 timesteps [0.44s 96MB].
0-90 is done
Number of files to process with CDO: 18
cdo(1) setattribute: Process started
cdo(2) chname: Process started
cdo(3) mergetime: Process started
cdo(3) mergetime: Processed 441000 values from 18 variables over 18 timesteps.
cdo(2) chname: Processed 441000 values from 1 variable over 18 timesteps.
cdo(1) setattribute: Processed 441000 values from 1 variable over 18 timesteps.
cdo    divc: Processed 441000 values from 1 variable over 18 timesteps [0.58s 30MB].
cdo(1) copy: Process started
cdo(1) copy: Processed 2229500 values from 1 variable over 91 timesteps.
cdo    seltimestep: Processed 24500 values from 1 variable over 91 timesteps [0.03s 30MB].
cdo(1) mergetime: Process started
cdo(1) mergetime: Processed 465500 values from 2 variables over 19 timesteps.
cdo    timcumsum: Processed 465500 values from 1 variable over 19 timesteps [0.03s 18MB].
cdo    replace: Processed 4189500 values from 10 variables over 38 timesteps [0.13s 28MB].
90-144 is done
Number of files to process with CDO: 16
cdo(1) setattribute: Process started
cdo(2) chname: Process started
cdo(3) mergetime: Process started
cdo(3) mergetime: Processed 392000 values from 16 variables over 16 timesteps.
cdo(2) chname: Processed 392000 values from 1 variable over 16 timesteps.
cdo(1) setattribute: Processed 392000 values from 1 variable over 16 timesteps.
cdo    divc: Processed 392000 values from 1 variable over 16 timesteps [0.31s 27MB].
cdo(1) copy: Process started
cdo(1) copy: Processed 465500 values from 1 variable over 19 timesteps.
cdo    seltimestep: Processed 24500 values from 1 variable over 19 timesteps [0.01s 16MB].
cdo(1) mergetime: Process started
cdo(1) mergetime: Processed 416500 values from 2 variables over 17 timesteps.
cdo    timcumsum: Processed 416500 values from 1 variable over 17 timesteps [0.03s 18MB].
cdo    replace: Processed 3748500 values from 10 variables over 34 timesteps [0.15s 26MB].
Sun Dec 26 01:00:00 PM UTC 2021 processed!
Number of files to process with CDO: 90
cdo(1) divc: Process started
cdo(2) setattribute: Process started
cdo(3) chname: Process started
cdo(4) mergetime: Process started
cdo(4) mergetime: Processed 2205000 values from 90 variables over 90 timesteps.
cdo(3) chname: Processed 2205000 values from 1 variable over 90 timesteps.
cdo(2) setattribute: Processed 2205000 values from 1 variable over 90 timesteps.
cdo(1) divc: Processed 2205000 values from 1 variable over 90 timesteps.
cdo    timcumsum: Processed 2205000 values from 1 variable over 90 timesteps [1.66s 73MB].
cdo(1) seltimestep: Process started
cdo(2) shifttime: Process started
cdo(3) copy: Process started
cdo(3) copy: Processed 2205000 values from 1 variable over 90 timesteps.
cdo(2) shifttime: Processed 2205000 values from 1 variable over 90 timesteps.
cdo(1) seltimestep: Processed 24500 values from 1 variable over 2 timesteps.
cdo    mulc: Processed 24500 values from 1 variable over 1 timestep [0.04s 30MB].
cdo    mergetime: Processed 2229500 values from 2 variables over 91 timesteps [0.08s 32MB].
cdo    replace: Processed 20065500 values from 10 variables over 182 timesteps [0.45s 97MB].
0-90 is done
Number of files to process with CDO: 18
cdo(1) setattribute: Process started
cdo(2) chname: Process started
cdo(3) mergetime: Process started
cdo(3) mergetime: Processed 441000 values from 18 variables over 18 timesteps.
cdo(2) chname: Processed 441000 values from 1 variable over 18 timesteps.
cdo(1) setattribute: Processed 441000 values from 1 variable over 18 timesteps.
cdo    divc: Processed 441000 values from 1 variable over 18 timesteps [0.36s 30MB].
cdo(1) copy: Process started
cdo(1) copy: Processed 2229500 values from 1 variable over 91 timesteps.
cdo    seltimestep: Processed 24500 values from 1 variable over 91 timesteps [0.03s 31MB].
cdo(1) mergetime: Process started
cdo(1) mergetime: Processed 465500 values from 2 variables over 19 timesteps.
cdo    timcumsum: Processed 465500 values from 1 variable over 19 timesteps [0.03s 18MB].
cdo    replace: Processed 4189500 values from 10 variables over 38 timesteps [0.14s 27MB].
90-144 is done
Number of files to process with CDO: 16
cdo(1) setattribute: Process started
cdo(2) chname: Process started
cdo(3) mergetime: Process started
cdo(3) mergetime: Processed 392000 values from 16 variables over 16 timesteps.
cdo(2) chname: Processed 392000 values from 1 variable over 16 timesteps.
cdo(1) setattribute: Processed 392000 values from 1 variable over 16 timesteps.
cdo    divc: Processed 392000 values from 1 variable over 16 timesteps [0.37s 29MB].
cdo(1) copy: Process started
cdo(1) copy: Processed 465500 values from 1 variable over 19 timesteps.
cdo    seltimestep: Processed 24500 values from 1 variable over 19 timesteps [0.01s 16MB].
cdo(1) mergetime: Process started
cdo(1) mergetime: Processed 416500 values from 2 variables over 17 timesteps.
cdo    timcumsum: Processed 416500 values from 1 variable over 17 timesteps [0.02s 18MB].
cdo    replace: Processed 3748500 values from 10 variables over 34 timesteps [0.11s 26MB].
Mon Dec 27 01:00:00 PM UTC 2021 processed!
Number of files to process with CDO: 90
cdo(1) divc: Process started
cdo(2) setattribute: Process started
cdo(3) chname: Process started
cdo(4) mergetime: Process started
cdo(4) mergetime: Processed 2205000 values from 90 variables over 90 timesteps.
cdo(3) chname: Processed 2205000 values from 1 variable over 90 timesteps.
cdo(2) setattribute: Processed 2205000 values from 1 variable over 90 timesteps.
cdo(1) divc: Processed 2205000 values from 1 variable over 90 timesteps.
cdo    timcumsum: Processed 2205000 values from 1 variable over 90 timesteps [1.66s 75MB].
cdo(1) seltimestep: Process started
cdo(2) shifttime: Process started
cdo(3) copy: Process started
cdo(3) copy: Processed 2205000 values from 1 variable over 90 timesteps.
cdo(2) shifttime: Processed 2205000 values from 1 variable over 90 timesteps.
cdo(1) seltimestep: Processed 24500 values from 1 variable over 2 timesteps.
cdo    mulc: Processed 24500 values from 1 variable over 1 timestep [0.04s 30MB].
cdo    mergetime: Processed 2229500 values from 2 variables over 91 timesteps [0.06s 31MB].
cdo    replace: Processed 20065500 values from 10 variables over 182 timesteps [0.45s 96MB].
0-90 is done
Number of files to process with CDO: 18
cdo(1) setattribute: Process started
cdo(2) chname: Process started
cdo(3) mergetime: Process started
cdo(3) mergetime: Processed 441000 values from 18 variables over 18 timesteps.
cdo(2) chname: Processed 441000 values from 1 variable over 18 timesteps.
cdo(1) setattribute: Processed 441000 values from 1 variable over 18 timesteps.
cdo    divc: Processed 441000 values from 1 variable over 18 timesteps [0.35s 30MB].
cdo(1) copy: Process started
cdo(1) copy: Processed 2229500 values from 1 variable over 91 timesteps.
cdo    seltimestep: Processed 24500 values from 1 variable over 91 timesteps [0.03s 31MB].
cdo(1) mergetime: Process started
cdo(1) mergetime: Processed 465500 values from 2 variables over 19 timesteps.
cdo    timcumsum: Processed 465500 values from 1 variable over 19 timesteps [0.04s 18MB].
cdo    replace: Processed 4189500 values from 10 variables over 38 timesteps [0.12s 29MB].
90-144 is done
Number of files to process with CDO: 16
cdo(1) setattribute: Process started
cdo(2) chname: Process started
cdo(3) mergetime: Process started
cdo(3) mergetime: Processed 392000 values from 16 variables over 16 timesteps.
cdo(2) chname: Processed 392000 values from 1 variable over 16 timesteps.
cdo(1) setattribute: Processed 392000 values from 1 variable over 16 timesteps.
cdo    divc: Processed 392000 values from 1 variable over 16 timesteps [0.35s 28MB].
cdo(1) copy: Process started
cdo(1) copy: Processed 465500 values from 1 variable over 19 timesteps.
cdo    seltimestep: Processed 24500 values from 1 variable over 19 timesteps [0.01s 16MB].
cdo(1) mergetime: Process started
cdo(1) mergetime: Processed 416500 values from 2 variables over 17 timesteps.
cdo    timcumsum: Processed 416500 values from 1 variable over 17 timesteps [0.03s 18MB].
cdo    replace: Processed 3748500 values from 10 variables over 34 timesteps [0.12s 27MB].
Tue Dec 28 01:00:00 PM UTC 2021 processed!
Number of files to process with CDO: 90
cdo(1) divc: Process started
cdo(2) setattribute: Process started
cdo(3) chname: Process started
cdo(4) mergetime: Process started
cdo(4) mergetime: Processed 2205000 values from 90 variables over 90 timesteps.
cdo(3) chname: Processed 2205000 values from 1 variable over 90 timesteps.
cdo(2) setattribute: Processed 2205000 values from 1 variable over 90 timesteps.
cdo(1) divc: Processed 2205000 values from 1 variable over 90 timesteps.
cdo    timcumsum: Processed 2205000 values from 1 variable over 90 timesteps [1.80s 73MB].
cdo(1) seltimestep: Process started
cdo(2) shifttime: Process started
cdo(3) copy: Process started
cdo(3) copy: Processed 2205000 values from 1 variable over 90 timesteps.
cdo(2) shifttime: Processed 2205000 values from 1 variable over 90 timesteps.
cdo(1) seltimestep: Processed 24500 values from 1 variable over 2 timesteps.
cdo    mulc: Processed 24500 values from 1 variable over 1 timestep [0.04s 30MB].
cdo    mergetime: Processed 2229500 values from 2 variables over 91 timesteps [0.08s 31MB].
cdo    replace: Processed 20065500 values from 10 variables over 182 timesteps [0.43s 96MB].
0-90 is done
Number of files to process with CDO: 18
cdo(1) setattribute: Process started
cdo(2) chname: Process started
cdo(3) mergetime: Process started
cdo(3) mergetime: Processed 441000 values from 18 variables over 18 timesteps.
cdo(2) chname: Processed 441000 values from 1 variable over 18 timesteps.
cdo(1) setattribute: Processed 441000 values from 1 variable over 18 timesteps.
cdo    divc: Processed 441000 values from 1 variable over 18 timesteps [0.41s 30MB].
cdo(1) copy: Process started
cdo(1) copy: Processed 2229500 values from 1 variable over 91 timesteps.
cdo    seltimestep: Processed 24500 values from 1 variable over 91 timesteps [0.03s 29MB].
cdo(1) mergetime: Process started
cdo(1) mergetime: Processed 465500 values from 2 variables over 19 timesteps.
cdo    timcumsum: Processed 465500 values from 1 variable over 19 timesteps [0.03s 18MB].
cdo    replace: Processed 4189500 values from 10 variables over 38 timesteps [0.12s 28MB].
90-144 is done
Number of files to process with CDO: 16
cdo(1) setattribute: Process started
cdo(2) chname: Process started
cdo(3) mergetime: Process started
cdo(3) mergetime: Processed 392000 values from 16 variables over 16 timesteps.
cdo(2) chname: Processed 392000 values from 1 variable over 16 timesteps.
cdo(1) setattribute: Processed 392000 values from 1 variable over 16 timesteps.
cdo    divc: Processed 392000 values from 1 variable over 16 timesteps [0.36s 28MB].
cdo(1) copy: Process started
cdo(1) copy: Processed 465500 values from 1 variable over 19 timesteps.
cdo    seltimestep: Processed 24500 values from 1 variable over 19 timesteps [0.01s 16MB].
cdo(1) mergetime: Process started
cdo(1) mergetime: Processed 416500 values from 2 variables over 17 timesteps.
cdo    timcumsum: Processed 416500 values from 1 variable over 17 timesteps [0.05s 18MB].
cdo    replace: Processed 3748500 values from 10 variables over 34 timesteps [0.13s 26MB].
Wed Dec 29 01:00:00 PM UTC 2021 processed!
Number of files to process with CDO: 90
cdo(1) divc: Process started
cdo(2) setattribute: Process started
cdo(3) chname: Process started
cdo(4) mergetime: Process started
cdo(4) mergetime: Processed 2205000 values from 90 variables over 90 timesteps.
cdo(3) chname: Processed 2205000 values from 1 variable over 90 timesteps.
cdo(2) setattribute: Processed 2205000 values from 1 variable over 90 timesteps.
cdo(1) divc: Processed 2205000 values from 1 variable over 90 timesteps.
cdo    timcumsum: Processed 2205000 values from 1 variable over 90 timesteps [1.84s 73MB].
cdo(1) seltimestep: Process started
cdo(2) shifttime: Process started
cdo(3) copy: Process started
cdo(3) copy: Processed 2205000 values from 1 variable over 90 timesteps.
cdo(2) shifttime: Processed 2205000 values from 1 variable over 90 timesteps.
cdo(1) seltimestep: Processed 24500 values from 1 variable over 2 timesteps.
cdo    mulc: Processed 24500 values from 1 variable over 1 timestep [0.04s 30MB].
cdo    mergetime: Processed 2229500 values from 2 variables over 91 timesteps [0.09s 31MB].
cdo    replace: Processed 20065500 values from 10 variables over 182 timesteps [0.45s 97MB].
0-90 is done
Number of files to process with CDO: 18
cdo(1) setattribute: Process started
cdo(2) chname: Process started
cdo(3) mergetime: Process started
cdo(3) mergetime: Processed 441000 values from 18 variables over 18 timesteps.
cdo(2) chname: Processed 441000 values from 1 variable over 18 timesteps.
cdo(1) setattribute: Processed 441000 values from 1 variable over 18 timesteps.
cdo    divc: Processed 441000 values from 1 variable over 18 timesteps [0.38s 30MB].
cdo(1) copy: Process started
cdo(1) copy: Processed 2229500 values from 1 variable over 91 timesteps.
cdo    seltimestep: Processed 24500 values from 1 variable over 91 timesteps [0.03s 29MB].
cdo(1) mergetime: Process started
cdo(1) mergetime: Processed 465500 values from 2 variables over 19 timesteps.
cdo    timcumsum: Processed 465500 values from 1 variable over 19 timesteps [0.03s 17MB].
cdo    replace: Processed 4189500 values from 10 variables over 38 timesteps [0.12s 28MB].
90-144 is done
Number of files to process with CDO: 16
cdo(1) setattribute: Process started
cdo(2) chname: Process started
cdo(3) mergetime: Process started
cdo(3) mergetime: Processed 392000 values from 16 variables over 16 timesteps.
cdo(2) chname: Processed 392000 values from 1 variable over 16 timesteps.
cdo(1) setattribute: Processed 392000 values from 1 variable over 16 timesteps.
cdo    divc: Processed 392000 values from 1 variable over 16 timesteps [0.36s 28MB].
cdo(1) copy: Process started
cdo(1) copy: Processed 465500 values from 1 variable over 19 timesteps.
cdo    seltimestep: Processed 24500 values from 1 variable over 19 timesteps [0.01s 17MB].
cdo(1) mergetime: Process started
cdo(1) mergetime: Processed 416500 values from 2 variables over 17 timesteps.
cdo    timcumsum: Processed 416500 values from 1 variable over 17 timesteps [0.03s 18MB].
cdo    replace: Processed 3748500 values from 10 variables over 34 timesteps [0.12s 25MB].
Thu Dec 30 01:00:00 PM UTC 2021 processed!
Number of files to process with CDO: 90
cdo(1) divc: Process started
cdo(2) setattribute: Process started
cdo(3) chname: Process started
cdo(4) mergetime: Process started
cdo(4) mergetime: Processed 2205000 values from 90 variables over 90 timesteps.
cdo(3) chname: Processed 2205000 values from 1 variable over 90 timesteps.
cdo(2) setattribute: Processed 2205000 values from 1 variable over 90 timesteps.
cdo(1) divc: Processed 2205000 values from 1 variable over 90 timesteps.
cdo    timcumsum: Processed 2205000 values from 1 variable over 90 timesteps [1.84s 75MB].
cdo(1) seltimestep: Process started
cdo(2) shifttime: Process started
cdo(3) copy: Process started
cdo(3) copy: Processed 2205000 values from 1 variable over 90 timesteps.
cdo(2) shifttime: Processed 2205000 values from 1 variable over 90 timesteps.
cdo(1) seltimestep: Processed 24500 values from 1 variable over 2 timesteps.
cdo    mulc: Processed 24500 values from 1 variable over 1 timestep [0.04s 30MB].
cdo    mergetime: Processed 2229500 values from 2 variables over 91 timesteps [0.08s 32MB].
cdo    replace: Processed 20065500 values from 10 variables over 182 timesteps [0.46s 97MB].
0-90 is done
Number of files to process with CDO: 18
cdo(1) setattribute: Process started
cdo(2) chname: Process started
cdo(3) mergetime: Process started
cdo(3) mergetime: Processed 441000 values from 18 variables over 18 timesteps.
cdo(2) chname: Processed 441000 values from 1 variable over 18 timesteps.
cdo(1) setattribute: Processed 441000 values from 1 variable over 18 timesteps.
cdo    divc: Processed 441000 values from 1 variable over 18 timesteps [0.35s 30MB].
cdo(1) copy: Process started
cdo(1) copy: Processed 2229500 values from 1 variable over 91 timesteps.
cdo    seltimestep: Processed 24500 values from 1 variable over 91 timesteps [0.03s 30MB].
cdo(1) mergetime: Process started
cdo(1) mergetime: Processed 465500 values from 2 variables over 19 timesteps.
cdo    timcumsum: Processed 465500 values from 1 variable over 19 timesteps [0.04s 18MB].
cdo    replace: Processed 4189500 values from 10 variables over 38 timesteps [0.13s 28MB].
90-144 is done
Number of files to process with CDO: 16
cdo(1) setattribute: Process started
cdo(2) chname: Process started
cdo(3) mergetime: Process started
cdo(3) mergetime: Processed 392000 values from 16 variables over 16 timesteps.
cdo(2) chname: Processed 392000 values from 1 variable over 16 timesteps.
cdo(1) setattribute: Processed 392000 values from 1 variable over 16 timesteps.
cdo    divc: Processed 392000 values from 1 variable over 16 timesteps [0.36s 27MB].
cdo(1) copy: Process started
cdo(1) copy: Processed 465500 values from 1 variable over 19 timesteps.
cdo    seltimestep: Processed 24500 values from 1 variable over 19 timesteps [0.01s 16MB].
cdo(1) mergetime: Process started
cdo(1) mergetime: Processed 416500 values from 2 variables over 17 timesteps.
cdo    timcumsum: Processed 416500 values from 1 variable over 17 timesteps [0.03s 18MB].
cdo    replace: Processed 3748500 values from 10 variables over 34 timesteps [0.13s 26MB].
Fri Dec 31 01:00:00 PM UTC 2021 processed!
Number of files to process with CDO: 90
cdo(1) divc: Process started
cdo(2) setattribute: Process started
cdo(3) chname: Process started
cdo(4) mergetime: Process started
cdo(4) mergetime: Processed 2205000 values from 90 variables over 90 timesteps.
cdo(3) chname: Processed 2205000 values from 1 variable over 90 timesteps.
cdo(2) setattribute: Processed 2205000 values from 1 variable over 90 timesteps.
cdo(1) divc: Processed 2205000 values from 1 variable over 90 timesteps.
cdo    timcumsum: Processed 2205000 values from 1 variable over 90 timesteps [1.68s 74MB].
cdo(1) seltimestep: Process started
cdo(2) shifttime: Process started
cdo(3) copy: Process started
cdo(3) copy: Processed 2205000 values from 1 variable over 90 timesteps.
cdo(2) shifttime: Processed 2205000 values from 1 variable over 90 timesteps.
cdo(1) seltimestep: Processed 24500 values from 1 variable over 2 timesteps.
cdo    mulc: Processed 24500 values from 1 variable over 1 timestep [0.04s 32MB].
cdo    mergetime: Processed 2229500 values from 2 variables over 91 timesteps [0.07s 31MB].
cdo    replace: Processed 20065500 values from 10 variables over 182 timesteps [0.44s 97MB].
0-90 is done
Number of files to process with CDO: 18
cdo(1) setattribute: Process started
cdo(2) chname: Process started
cdo(3) mergetime: Process started
cdo(3) mergetime: Processed 441000 values from 18 variables over 18 timesteps.
cdo(2) chname: Processed 441000 values from 1 variable over 18 timesteps.
cdo(1) setattribute: Processed 441000 values from 1 variable over 18 timesteps.
cdo    divc: Processed 441000 values from 1 variable over 18 timesteps [0.33s 29MB].
cdo(1) copy: Process started
cdo(1) copy: Processed 2229500 values from 1 variable over 91 timesteps.
cdo    seltimestep: Processed 24500 values from 1 variable over 91 timesteps [0.03s 31MB].
cdo(1) mergetime: Process started
cdo(1) mergetime: Processed 465500 values from 2 variables over 19 timesteps.
cdo    timcumsum: Processed 465500 values from 1 variable over 19 timesteps [0.06s 18MB].
cdo    replace: Processed 4189500 values from 10 variables over 38 timesteps [0.13s 28MB].
90-144 is done
Number of files to process with CDO: 16
cdo(1) setattribute: Process started
cdo(2) chname: Process started
cdo(3) mergetime: Process started
cdo(3) mergetime: Processed 392000 values from 16 variables over 16 timesteps.
cdo(2) chname: Processed 392000 values from 1 variable over 16 timesteps.
cdo(1) setattribute: Processed 392000 values from 1 variable over 16 timesteps.
cdo    divc: Processed 392000 values from 1 variable over 16 timesteps [0.33s 29MB].
cdo(1) copy: Process started
cdo(1) copy: Processed 465500 values from 1 variable over 19 timesteps.
cdo    seltimestep: Processed 24500 values from 1 variable over 19 timesteps [0.01s 16MB].
cdo(1) mergetime: Process started
cdo(1) mergetime: Processed 416500 values from 2 variables over 17 timesteps.
cdo    timcumsum: Processed 416500 values from 1 variable over 17 timesteps [0.02s 17MB].
cdo    replace: Processed 3748500 values from 10 variables over 34 timesteps [0.12s 26MB].
Sat Jan 1 01:00:00 PM UTC 2022 processed!
