,dropout,lr,bs,val_loss
day02.csv,0.5,0.0001,16,0.0065235625952482
day03.csv,0.3,1e-05,16,0.0069737420417368
day04.csv,0.1,0.0001,16,0.086301602423191
day05.csv,0.3,1e-05,16,0.1038539111614227
day06.csv,0.3,1e-05,16,0.1096909120678901
day07.csv,0.1,0.001,16,0.1342586278915405
day08.csv,0.1,0.001,16,0.1312634050846099
day09.csv,0.3,0.001,16,0.1271561533212661
day10.csv,0.5,0.001,16,0.1453396379947662
